frame_time,frame_len,ip_dst,dns_qry_name,dns_qry_class,dns_qry_type,dns_qry_rcode,domain,subdomain,subdomain_length,num_periods,subdomain_entropy,top_domain,word,score,query_rep,hh,ip_sev,dns_sev,dns_qry_class_name,dns_qry_type_name,dns_qry_rcode_name,network_context,unix_tstamp
Jul  8 2016 06:58:45.765735000 UTC,253,172.16.0.167,customer.ihre-magenverkleinerung-zum-trinken.co,0x00000001,1,0,customer,None,0,3,2.0,1,1_10_7_0_1_5_1_0,1.3209783610934376E-8,gti:Medium:2::fb:UNKNOWN:-1,06,0,0,Internet (IN),A,NoError,,1467961125
Jul  8 2016 05:03:42.704701000 UTC,229,172.16.0.164,87-59-200-143-dynamic.dk.customer.tdc.net,0x00000001,1,0,tdc,87-59-200-143-dynamic.dk.customer,33,5,4.498939573903908,1,1_2_4_1_2_5_1_0,1.3227393260366873E-8,gti:Minimal:1::fb:UNKNOWN:-1,05,0,0,Internet (IN),A,NoError,,1467954222
Jul  8 2016 06:31:38.895195000 UTC,232,172.16.0.185,www.wallstreetinsightsandindictments.com,0x00000001,1,0,wallstreetinsightsandindictments,www,3,3,0.0,1,1_6_6_1_0_5_1_0,1.3227739896214263E-8,gti:Minimal:1::fb:UNKNOWN:-1,06,0,0,Internet (IN),A,NoError,,1467959498
Jul  8 2016 07:11:46.972041000 UTC,293,172.16.0.185,stjhnbsu1kw-047055190132.dhcp-dynamic.fibreop.nb.bellaliant.net,0x00000001,1,0,bellaliant,stjhnbsu1kw-047055190132.dhcp-dynamic.fibreop.nb,48,6,4.756328385912463,1,1_10_7_1_5_5_1_0,1.3251552085672652E-8,gti:Minimal:1::fb:UNKNOWN:-1,07,0,0,Internet (IN),A,NoError,,1467961906
Jul  8 2016 03:40:38.853811000 UTC,229,172.16.0.167,87-59-200-143-dynamic.dk.customer.tdc.net,0x00000001,1,0,tdc,87-59-200-143-dynamic.dk.customer,33,5,4.498939573903908,1,1_2_2_1_2_5_1_0,1.32594185306699E-8,gti:Minimal:1::fb:UNKNOWN:-1,03,0,0,Internet (IN),A,NoError,,1467949238
Jul  8 2016 06:58:29.454093000 UTC,232,172.16.0.188,mairie-rueilmalmaison.accueil-famille.fr,0x00000001,1,0,mairie-rueilmalmaison,None,0,3,2.0,1,1_6_7_0_1_5_1_0,1.3280162648840412E-8,gti:Minimal:1::fb:UNKNOWN:-1,06,0,0,Internet (IN),A,NoError,,1467961109
Jul  8 2016 08:09:03.670329000 UTC,247,172.16.0.165,customer.ihre-magenverkleinerung-zum-trinken.co,0x00000001,1,0,customer,None,0,3,2.0,1,1_10_9_0_1_5_1_0,1.3282349388523513E-8,gti:Medium:2::fb:UNKNOWN:-1,08,0,0,Internet (IN),A,NoError,,1467965343
Jul  8 2016 07:56:00.885086000 UTC,295,172.16.0.164,stjhnbsu1kw-047055190132.dhcp-dynamic.fibreop.nb.bellaliant.net,0x00000001,1,0,bellaliant,stjhnbsu1kw-047055190132.dhcp-dynamic.fibreop.nb,48,6,4.756328385912463,1,1_10_8_1_5_5_1_0,1.3290725146263771E-8,gti:Minimal:1::fb:UNKNOWN:-1,07,0,0,Internet (IN),A,NoError,,1467964560
Jul  8 2016 08:48:36.849754000 UTC,232,172.16.0.168,www.this-page-intentionally-left-blank.org,0x00000001,1,0,this-page-intentionally-left-blank,www,3,3,0.0,1,1_6_10_1_0_5_1_0,1.3304711624893352E-8,gti:Minimal:1::fb:UNKNOWN:-1,08,0,0,Internet (IN),A,NoError,,1467967716
Jul  8 2016 06:28:56.779919000 UTC,232,172.16.0.178,www.wittelsbacher-jagdhaus-wartenberg.de,0x00000001,1,0,www,None,0,3,2.0,1,1_6_6_0_1_5_1_0,1.3310205955881896E-8,gti:Minimal:1::fb:UNKNOWN:-1,06,0,0,Internet (IN),A,NoError,,1467959336
Jul  8 2016 03:25:12.618867000 UTC,251,172.16.0.190,customer.ihre-magenverkleinerung-zum-trinken.co,0x00000001,1,0,customer,None,0,3,2.0,1,1_10_1_0_1_5_1_0,1.3328189182400676E-8,gti:Medium:2::fb:UNKNOWN:-1,03,0,0,Internet (IN),A,NoError,,1467948312
Jul  8 2016 08:45:05.677567000 UTC,232,172.16.0.188,www.wittelsbacher-jagdhaus-wartenberg.de,0x00000001,1,0,www,None,0,3,2.0,1,1_6_10_0_1_5_1_0,1.3328417158820169E-8,gti:Minimal:1::fb:UNKNOWN:-1,08,0,0,Internet (IN),A,NoError,,1467967505
Jul  8 2016 05:06:02.432777000 UTC,232,172.16.0.165,www.this-page-intentionally-left-blank.org,0x00000001,1,0,this-page-intentionally-left-blank,www,3,3,0.0,1,1_6_4_1_0_5_1_0,1.3357002974931192E-8,gti:Minimal:1::fb:UNKNOWN:-1,05,0,0,Internet (IN),A,NoError,,1467954362
Jul  8 2016 03:12:52.158016000 UTC,229,172.16.0.200,87-59-200-143-dynamic.dk.customer.tdc.net,0x00000001,1,0,tdc,87-59-200-143-dynamic.dk.customer,33,5,4.498939573903908,1,1_2_1_1_2_5_1_0,1.3359915667892253E-8,gti:Minimal:1::fb:UNKNOWN:-1,03,0,0,Internet (IN),A,NoError,,1467947572
Jul  8 2016 05:03:40.810352000 UTC,251,172.16.0.181,customer.ihre-magenverkleinerung-zum-trinken.co,0x00000001,1,0,customer,None,0,3,2.0,1,1_10_4_0_1_5_1_0,1.33663435983094E-8,gti:Medium:2::fb:UNKNOWN:-1,05,0,0,Internet (IN),A,NoError,,1467954220
Jul  8 2016 08:00:04.707381000 UTC,232,172.16.0.198,www.wallstreetinsightsandindictments.com,0x00000001,1,0,wallstreetinsightsandindictments,www,3,3,0.0,1,1_6_8_1_0_5_1_0,1.337625861588131E-8,gti:Minimal:1::fb:UNKNOWN:-1,08,0,0,Internet (IN),A,NoError,,1467964804
Jul  8 2016 04:19:58.505546000 UTC,249,172.16.0.196,customer.ihre-magenverkleinerung-zum-trinken.co,0x00000001,1,0,customer,None,0,3,2.0,1,1_10_3_0_1_5_1_0,1.337750412402417E-8,gti:Medium:2::fb:UNKNOWN:-1,04,0,0,Internet (IN),A,NoError,,1467951598
Jul  8 2016 03:52:46.686934000 UTC,232,172.16.0.174,mairie-rueilmalmaison.accueil-famille.fr,0x00000001,1,0,mairie-rueilmalmaison,None,0,3,2.0,1,1_6_3_0_1_5_1_0,1.34175284137984E-8,gti:Minimal:1::fb:UNKNOWN:-1,03,0,0,Internet (IN),A,NoError,,1467949966
Jul  8 2016 05:55:40.536194000 UTC,232,172.16.0.172,mairie-rueilmalmaison.accueil-famille.fr,0x00000001,1,0,mairie-rueilmalmaison,None,0,3,2.0,1,1_6_5_0_1_5_1_0,1.3479660263222577E-8,gti:Minimal:1::fb:UNKNOWN:-1,05,0,0,Internet (IN),A,NoError,,1467957340
Jul  8 2016 08:58:13.907974000 UTC,233,172.16.0.200,ultimate-internet-marketing-solutions.com,0x00000001,1,0,None,None,0,2,2.0,0,0_6_10_0_1_1_1_0,1.358552238431915E-8,gti:Minimal:1::fb:UNKNOWN:-1,08,0,0,Internet (IN),A,NoError,,1467968293
Jul  8 2016 06:17:22.538369000 UTC,233,172.16.0.163,87-59-200-143-dynamic.dk.customer.tdc.net,0x00000001,1,0,tdc,87-59-200-143-dynamic.dk.customer,33,5,4.498939573903908,1,1_6_6_1_2_5_1_0,1.3597174742940137E-8,gti:Minimal:1::fb:UNKNOWN:-1,06,0,0,Internet (IN),A,NoError,,1467958642
Jul  8 2016 08:24:44.127562000 UTC,229,172.16.0.187,87-59-200-143-dynamic.dk.customer.tdc.net,0x00000001,1,0,tdc,87-59-200-143-dynamic.dk.customer,33,5,4.498939573903908,1,1_2_9_1_2_5_1_0,2.6294053203353487E-8,gti:Minimal:1::fb:UNKNOWN:-1,08,0,0,Internet (IN),A,NoError,,1467966284
Jul  8 2016 03:50:50.777959000 UTC,233,172.16.0.183,ultimate-internet-marketing-solutions.com,0x00000001,1,0,None,None,0,2,2.0,0,0_6_2_0_1_1_1_0,2.6332588943257858E-8,gti:Minimal:1::fb:UNKNOWN:-1,03,0,0,Internet (IN),A,NoError,,1467949850
Jul  8 2016 03:18:51.707624000 UTC,296,172.16.0.202,1234.hbrbdknti0ecaca3nymwkyly.1200195206.cmos.greencompute.org,0x00000001,1,0,greencompute,1234.hbrbdknti0ecaca3nymwkyly.1200195206.cmos,45,6,4.519087818311512,0,0_10_1_1_2_5_1_0,2.6335313807169308E-8,gti:Unverified:-1::fb:UNKNOWN:-1,03,0,0,Internet (IN),A,NoError,,1467947931
Jul  8 2016 08:07:43.838961000 UTC,251,172.16.0.184,customer.ihre-magenverkleinerung-zum-trinken.co,0x00000001,1,0,customer,None,0,3,2.0,1,1_10_8_0_1_5_1_0,2.6341960601697215E-8,gti:Medium:2::fb:UNKNOWN:-1,08,0,0,Internet (IN),A,NoError,,1467965263
Jul  8 2016 07:11:13.505517000 UTC,233,172.16.0.170,cid-c95562f5847b3011.users.storage.live.com,0x00000001,1,0,live,cid-c95562f5847b3011.users.storage,34,5,4.51364592935837,1,1_6_7_1_2_5_1_0,2.6350121696031633E-8,gti:Minimal:1::fb:UNKNOWN:-1,07,0,0,Internet (IN),A,NoError,,1467961873
Jul  8 2016 08:15:01.687237000 UTC,231,172.16.0.174,87-59-200-143-dynamic.dk.customer.tdc.net,0x00000001,1,0,tdc,87-59-200-143-dynamic.dk.customer,33,5,4.498939573903908,1,1_2_9_1_2_5_1_0,2.637922676057311E-8,gti:Minimal:1::fb:UNKNOWN:-1,08,0,0,Internet (IN),A,NoError,,1467965701
Jul  8 2016 03:50:46.498906000 UTC,233,172.16.0.173,ra211-hspare-csc55-b.ra211-hspare-csc55-b,0x00000001,1,0,None,None,0,2,2.0,0,0_6_2_0_1_1_1_0,2.641782338894936E-8,gti:Unverified:-1::fb:UNKNOWN:-1,03,0,0,Internet (IN),A,NoError,,1467949846
Jul  8 2016 05:06:01.340730000 UTC,233,172.16.0.175,ultimate-internet-marketing-solutions.com,0x00000001,1,0,None,None,0,2,2.0,0,0_6_4_0_1_1_1_0,2.6425717836291104E-8,gti:Minimal:1::fb:UNKNOWN:-1,05,0,0,Internet (IN),A,NoError,,1467954361
Jul  8 2016 07:10:45.015205000 UTC,233,172.16.0.196,jfs1b-hs21-amm-ar42b.jfs1b-hs21-amm-ar42b,0x00000001,1,0,None,None,0,2,2.0,0,0_6_7_0_1_1_1_0,2.643340309484265E-8,gti:Unverified:-1::fb:UNKNOWN:-1,07,0,0,Internet (IN),A,NoError,,1467961845
Jul  8 2016 05:05:59.037634000 UTC,233,172.16.0.173,ra211-hspare-csc55-b.ra211-hspare-csc55-b,0x00000001,1,0,None,None,0,2,2.0,0,0_6_4_0_1_1_1_0,2.6436284642826294E-8,gti:Unverified:-1::fb:UNKNOWN:-1,05,0,0,Internet (IN),A,NoError,,1467954359
Jul  8 2016 03:52:14.285328000 UTC,297,172.16.0.171,stjhnbsu1kw-047055190132.dhcp-dynamic.fibreop.nb.bellaliant.net,0x00000001,1,0,bellaliant,stjhnbsu1kw-047055190132.dhcp-dynamic.fibreop.nb,48,6,4.756328385912463,1,1_10_3_1_5_5_1_0,2.6455363323075854E-8,gti:Minimal:1::fb:UNKNOWN:-1,03,0,0,Internet (IN),A,NoError,,1467949934
Jul  8 2016 03:26:47.947873000 UTC,233,172.16.0.174,87-59-200-143-dynamic.dk.customer.tdc.net,0x00000001,1,0,tdc,87-59-200-143-dynamic.dk.customer,33,5,4.498939573903908,1,1_6_2_1_2_5_1_0,2.6466845566706915E-8,gti:Minimal:1::fb:UNKNOWN:-1,03,0,0,Internet (IN),A,NoError,,1467948407
Jul  8 2016 03:38:41.142606000 UTC,278,172.16.0.181,1447514297607.5wfqtqnh3owrvn2ayiinues29qc9pb.volluto.com,0x00000001,1,0,volluto,1447514297607.5wfqtqnh3owrvn2ayiinues29qc9pb,44,4,4.629219686524097,0,0_10_2_1_3_5_1_0,2.6480553746343736E-8,gti:Minimal:1::fb:UNKNOWN:-1,03,0,0,Internet (IN),A,NoError,,1467949121
Jul  8 2016 08:29:41.039365000 UTC,227,172.16.0.190,87-59-200-143-dynamic.dk.customer.tdc.net,0x00000001,1,0,tdc,87-59-200-143-dynamic.dk.customer,33,5,4.498939573903908,1,1_2_10_1_2_5_1_0,2.6494520548784063E-8,gti:Minimal:1::fb:UNKNOWN:-1,08,0,0,Internet (IN),A,NoError,,1467966581
Jul  8 2016 07:59:44.363393000 UTC,249,172.16.0.183,customer.ihre-magenverkleinerung-zum-trinken.co,0x00000001,1,0,customer,None,0,3,2.0,1,1_10_8_0_1_5_1_0,2.6502645072367416E-8,gti:Medium:2::fb:UNKNOWN:-1,07,0,0,Internet (IN),A,NoError,,1467964784
Jul  8 2016 03:37:05.889304000 UTC,276,172.16.0.178,1447514297607.5wfqtqnh3owrvn2ayiinues29qc9pb.volluto.com,0x00000001,1,0,volluto,1447514297607.5wfqtqnh3owrvn2ayiinues29qc9pb,44,4,4.629219686524097,0,0_10_2_1_3_5_1_0,2.654483503710543E-8,gti:Minimal:1::fb:UNKNOWN:-1,03,0,0,Internet (IN),A,NoError,,1467949025
Jul  8 2016 03:50:19.936241000 UTC,233,172.16.0.188,87-59-200-143-dynamic.dk.customer.tdc.net,0x00000001,1,0,tdc,87-59-200-143-dynamic.dk.customer,33,5,4.498939573903908,1,1_6_2_1_2_5_1_0,2.657941708252442E-8,gti:Minimal:1::fb:UNKNOWN:-1,03,0,0,Internet (IN),A,NoError,,1467949819
Jul  8 2016 03:13:46.407921000 UTC,276,172.16.0.194,1447514149657.5wfqtqnh3owrvn2ayiinues29qc9pb.volluto.com,0x00000001,1,0,volluto,1447514149657.5wfqtqnh3owrvn2ayiinues29qc9pb,44,4,4.555467129755084,0,0_10_1_1_2_5_1_0,2.6619334308179255E-8,gti:Minimal:1::fb:UNKNOWN:-1,03,0,0,Internet (IN),A,NoError,,1467947626
Jul  8 2016 09:02:38.875772000 UTC,229,172.16.0.173,87-59-200-143-dynamic.dk.customer.tdc.net,0x00000001,1,0,tdc,87-59-200-143-dynamic.dk.customer,33,5,4.498939573903908,1,1_2_10_1_2_5_1_0,2.6629815072993545E-8,gti:Minimal:1::fb:UNKNOWN:-1,09,0,0,Internet (IN),A,NoError,,1467968558
Jul  8 2016 06:02:04.651847000 UTC,253,172.16.0.183,customer.ihre-magenverkleinerung-zum-trinken.co,0x00000001,1,0,customer,None,0,3,2.0,1,1_10_5_0_1_5_1_0,2.669159991814515E-8,gti:Medium:2::fb:UNKNOWN:-1,06,0,0,Internet (IN),A,NoError,,1467957724
Jul  8 2016 07:00:25.097733000 UTC,233,172.16.0.178,87-59-200-143-dynamic.dk.customer.tdc.net,0x00000001,1,0,tdc,87-59-200-143-dynamic.dk.customer,33,5,4.498939573903908,1,1_6_7_1_2_5_1_0,2.6712267348403114E-8,gti:Minimal:1::fb:UNKNOWN:-1,07,0,0,Internet (IN),A,NoError,,1467961225
Jul  8 2016 05:32:18.636638000 UTC,251,172.16.0.197,customer.ihre-magenverkleinerung-zum-trinken.co,0x00000001,1,0,customer,None,0,3,2.0,1,1_10_5_0_1_5_1_0,2.6734578378748498E-8,gti:Medium:2::fb:UNKNOWN:-1,05,0,0,Internet (IN),A,NoError,,1467955938
Jul  8 2016 03:53:36.473019000 UTC,295,172.16.0.183,stjhnbsu1kw-047055190132.dhcp-dynamic.fibreop.nb.bellaliant.net,0x00000001,1,0,bellaliant,stjhnbsu1kw-047055190132.dhcp-dynamic.fibreop.nb,48,6,4.756328385912463,1,1_10_3_1_5_5_1_0,2.6745417748221504E-8,gti:Minimal:1::fb:UNKNOWN:-1,03,0,0,Internet (IN),A,NoError,,1467950016
Jul  8 2016 03:39:55.896490000 UTC,233,172.16.0.201,volkswagen-commercial-vehicles-carnet.com,0x00000001,1,0,None,None,0,2,2.0,0,0_6_2_0_1_1_1_0,2.6771845254163264E-8,gti:Minimal:1::fb:UNKNOWN:-1,03,0,0,Internet (IN),A,NoError,,1467949195
Jul  8 2016 07:10:38.828013000 UTC,232,172.16.0.172,theunofficialalt18countdownplaylists.com,0x00000001,1,0,None,None,0,2,2.0,0,0_6_7_0_1_1_1_0,2.6965266882345786E-8,gti:Minimal:1::fb:UNKNOWN:-1,07,0,0,Internet (IN),A,NoError,,1467961838
Jul  8 2016 03:37:07.940098000 UTC,232,172.16.0.189,autonationchevroletsuperstitionsprings.com,0x00000001,1,0,None,None,0,2,2.0,0,0_6_2_0_1_1_1_0,2.7148666795916233E-8,gti:Minimal:1::fb:UNKNOWN:-1,03,0,0,Internet (IN),A,NoError,,1467949027
Jul  8 2016 07:25:47.038211000 UTC,280,172.16.0.167,1447514238698.5wfqtqnh3owrvn2ayiinues29qc9pb.volluto.com,0x00000001,1,0,volluto,1447514238698.5wfqtqnh3owrvn2ayiinues29qc9pb,44,4,4.646376220664176,0,0_10_8_1_3_5_1_0,3.9281293528355856E-8,gti:Unverified:-1::fb:UNKNOWN:-1,07,0,0,Internet (IN),A,NoError,,1467962747
Jul  8 2016 06:04:05.701646000 UTC,233,172.16.0.176,ultimate-internet-marketing-solutions.com,0x00000001,1,0,None,None,0,2,2.0,0,0_6_6_0_1_1_1_0,3.928764695172625E-8,gti:Minimal:1::fb:UNKNOWN:-1,06,0,0,Internet (IN),A,NoError,,1467957845
Jul  8 2016 04:38:57.079233000 UTC,278,172.16.0.189,1447514238698.5wfqtqnh3owrvn2ayiinues29qc9pb.volluto.com,0x00000001,1,0,volluto,1447514238698.5wfqtqnh3owrvn2ayiinues29qc9pb,44,4,4.646376220664176,0,0_10_3_1_3_5_1_0,3.93151701506476E-8,gti:Unverified:-1::fb:UNKNOWN:-1,04,0,0,Internet (IN),A,NoError,,1467952737
Jul  8 2016 08:22:31.718258000 UTC,269,172.16.0.189,www.hasthelargehadroncolliderdestroyedtheworldyet.com,0x00000001,1,0,hasthelargehadroncolliderdestroyedtheworldyet,www,3,3,0.0,1,1_10_9_1_0_5_1_0,3.9382235276523495E-8,gti:Minimal:1::fb:UNKNOWN:-1,08,0,0,Internet (IN),A,NoError,,1467966151
Jul  8 2016 05:19:57.301055000 UTC,233,172.16.0.202,87-59-200-143-dynamic.dk.customer.tdc.net,0x00000001,1,0,tdc,87-59-200-143-dynamic.dk.customer,33,5,4.498939573903908,1,1_6_4_1_2_5_1_0,3.940749309969416E-8,gti:Minimal:1::fb:UNKNOWN:-1,05,0,0,Internet (IN),A,NoError,,1467955197
Jul  8 2016 06:30:54.627591000 UTC,233,172.16.0.166,volkswagen-commercial-vehicles-carnet.com,0x00000001,1,0,None,None,0,2,2.0,0,0_6_6_0_1_1_1_0,3.94567218485851E-8,gti:Minimal:1::fb:UNKNOWN:-1,06,0,0,Internet (IN),A,NoError,,1467959454
Jul  8 2016 03:13:27.802352000 UTC,232,172.16.0.186,autonationchevroletsuperstitionsprings.com,0x00000001,1,0,None,None,0,2,2.0,0,0_6_1_0_1_1_1_0,3.9474490752927776E-8,gti:Minimal:1::fb:UNKNOWN:-1,03,0,0,Internet (IN),A,NoError,,1467947607
Jul  8 2016 08:35:42.496560000 UTC,297,172.16.0.170,stjhnbsu1kw-047055190132.dhcp-dynamic.fibreop.nb.bellaliant.net,0x00000001,1,0,bellaliant,stjhnbsu1kw-047055190132.dhcp-dynamic.fibreop.nb,48,6,4.756328385912463,1,1_10_10_1_5_5_1_0,3.9515535921392867E-8,gti:Minimal:1::fb:UNKNOWN:-1,08,0,0,Internet (IN),A,NoError,,1467966942
Jul  8 2016 05:18:59.667406000 UTC,233,172.16.0.201,87-59-200-143-dynamic.dk.customer.tdc.net,0x00000001,1,0,tdc,87-59-200-143-dynamic.dk.customer,33,5,4.498939573903908,1,1_6_4_1_2_5_1_0,3.953103749317358E-8,gti:Minimal:1::fb:UNKNOWN:-1,05,0,0,Internet (IN),A,NoError,,1467955139
Jul  8 2016 08:07:47.068738000 UTC,242,172.16.0.167,www.wildsound-filmmaking-feedback-events.com,0x00000001,1,0,wildsound-filmmaking-feedback-events,www,3,3,0.0,1,1_10_9_1_0_5_1_0,3.9547361358267146E-8,gti:Minimal:1::fb:UNKNOWN:-1,08,0,0,Internet (IN),A,NoError,,1467965267
Jul  8 2016 05:05:34.907623000 UTC,233,172.16.0.174,87-59-200-143-dynamic.dk.customer.tdc.net,0x00000001,1,0,tdc,87-59-200-143-dynamic.dk.customer,33,5,4.498939573903908,1,1_6_4_1_2_5_1_0,3.957084191057014E-8,gti:Minimal:1::fb:UNKNOWN:-1,05,0,0,Internet (IN),A,NoError,,1467954334
Jul  8 2016 08:30:05.153909000 UTC,299,172.16.0.188,stjhnbsu1kw-047055190132.dhcp-dynamic.fibreop.nb.bellaliant.net,0x00000001,1,0,bellaliant,stjhnbsu1kw-047055190132.dhcp-dynamic.fibreop.nb,48,6,4.756328385912463,1,1_10_10_1_5_5_1_0,3.958245512527731E-8,gti:Minimal:1::fb:UNKNOWN:-1,08,0,0,Internet (IN),A,NoError,,1467966605
Jul  8 2016 06:17:00.939137000 UTC,245,172.16.0.199,customer.ihre-magenverkleinerung-zum-trinken.co,0x00000001,1,0,customer,None,0,3,2.0,1,1_10_6_0_1_5_1_0,3.9608308636434006E-8,gti:Medium:2::fb:UNKNOWN:-1,06,0,0,Internet (IN),A,NoError,,1467958620
Jul  8 2016 08:08:32.273598000 UTC,269,172.16.0.163,www.hasthelargehadroncolliderdestroyedtheworldyet.com,0x00000001,1,0,hasthelargehadroncolliderdestroyedtheworldyet,www,3,3,0.0,1,1_10_9_1_0_5_1_0,3.964135276789146E-8,gti:Minimal:1::fb:UNKNOWN:-1,08,0,0,Internet (IN),A,NoError,,1467965312
Jul  8 2016 09:02:26.853167000 UTC,249,172.16.0.201,customer.ihre-magenverkleinerung-zum-trinken.co,0x00000001,1,0,customer,None,0,3,2.0,1,1_10_10_0_1_5_1_0,3.96540087051208E-8,gti:Medium:2::fb:UNKNOWN:-1,09,0,0,Internet (IN),A,NoError,,1467968546
Jul  8 2016 06:30:00.413621000 UTC,249,172.16.0.201,customer.ihre-magenverkleinerung-zum-trinken.co,0x00000001,1,0,customer,None,0,3,2.0,1,1_10_6_0_1_5_1_0,3.96579031369969E-8,gti:Medium:2::fb:UNKNOWN:-1,06,0,0,Internet (IN),A,NoError,,1467959400
Jul  8 2016 03:18:07.076814000 UTC,233,172.16.0.202,ultimate-internet-marketing-solutions.com,0x00000001,1,0,None,None,0,2,2.0,0,0_6_1_0_1_1_1_0,3.9662394733189444E-8,gti:Minimal:1::fb:UNKNOWN:-1,03,0,0,Internet (IN),A,NoError,,1467947887
Jul  8 2016 03:13:31.038465000 UTC,233,172.16.0.166,ra211-hspare-csc55-b.ra211-hspare-csc55-b,0x00000001,1,0,None,None,0,2,2.0,0,0_6_1_0_1_1_1_0,3.9681398663178084E-8,gti:Unverified:-1::fb:UNKNOWN:-1,03,0,0,Internet (IN),A,NoError,,1467947611
Jul  8 2016 06:07:04.057113000 UTC,231,172.16.0.194,87-59-200-143-dynamic.dk.customer.tdc.net,0x00000001,1,0,tdc,87-59-200-143-dynamic.dk.customer,33,5,4.498939573903908,1,1_2_6_1_2_5_1_0,3.968321702239771E-8,gti:Minimal:1::fb:UNKNOWN:-1,06,0,0,Internet (IN),A,NoError,,1467958024
Jul  8 2016 08:22:57.013941000 UTC,266,172.16.0.192,www.life-saving-naturalcures-and-naturalremedies.com,0x00000001,1,0,life-saving-naturalcures-and-naturalremedies,www,3,3,0.0,1,1_10_9_1_0_5_1_0,3.969020783873946E-8,gti:Minimal:1::fb:UNKNOWN:-1,08,0,0,Internet (IN),A,NoError,,1467966177
Jul  8 2016 07:56:19.211407000 UTC,276,172.16.0.165,1447514297607.5wfqtqnh3owrvn2ayiinues29qc9pb.volluto.com,0x00000001,1,0,volluto,1447514297607.5wfqtqnh3owrvn2ayiinues29qc9pb,44,4,4.629219686524097,0,0_10_8_1_3_5_1_0,3.9691272541742694E-8,gti:Minimal:1::fb:UNKNOWN:-1,07,0,0,Internet (IN),A,NoError,,1467964579
Jul  8 2016 04:37:53.842606000 UTC,276,172.16.0.184,1447514238698.5wfqtqnh3owrvn2ayiinues29qc9pb.volluto.com,0x00000001,1,0,volluto,1447514238698.5wfqtqnh3owrvn2ayiinues29qc9pb,44,4,4.646376220664176,0,0_10_3_1_3_5_1_0,3.973093579621617E-8,gti:Unverified:-1::fb:UNKNOWN:-1,04,0,0,Internet (IN),A,NoError,,1467952673
Jul  8 2016 03:32:50.010677000 UTC,299,172.16.0.181,stjhnbsu1kw-047055190132.dhcp-dynamic.fibreop.nb.bellaliant.net,0x00000001,1,0,bellaliant,stjhnbsu1kw-047055190132.dhcp-dynamic.fibreop.nb,48,6,4.756328385912463,1,1_10_2_1_5_5_1_0,3.973457299453266E-8,gti:Minimal:1::fb:UNKNOWN:-1,03,0,0,Internet (IN),A,NoError,,1467948770
Jul  8 2016 06:31:37.959790000 UTC,232,172.16.0.165,autonationchevroletsuperstitionsprings.com,0x00000001,1,0,None,None,0,2,2.0,0,0_6_6_0_1_1_1_0,3.9741977244932986E-8,gti:Minimal:1::fb:UNKNOWN:-1,06,0,0,Internet (IN),A,NoError,,1467959497
Jul  8 2016 08:49:10.651219000 UTC,299,172.16.0.190,stjhnbsu1kw-047055190132.dhcp-dynamic.fibreop.nb.bellaliant.net,0x00000001,1,0,bellaliant,stjhnbsu1kw-047055190132.dhcp-dynamic.fibreop.nb,48,6,4.756328385912463,1,1_10_10_1_5_5_1_0,3.974205988256274E-8,gti:Minimal:1::fb:UNKNOWN:-1,08,0,0,Internet (IN),A,NoError,,1467967750
Jul  8 2016 06:31:17.097629000 UTC,245,172.16.0.190,customer.ihre-magenverkleinerung-zum-trinken.co,0x00000001,1,0,customer,None,0,3,2.0,1,1_10_6_0_1_5_1_0,3.9811665645703183E-8,gti:Medium:2::fb:UNKNOWN:-1,06,0,0,Internet (IN),A,NoError,,1467959477
Jul  8 2016 08:36:05.547443000 UTC,251,172.16.0.181,customer.ihre-magenverkleinerung-zum-trinken.co,0x00000001,1,0,customer,None,0,3,2.0,1,1_10_10_0_1_5_1_0,3.9817994371739816E-8,gti:Medium:2::fb:UNKNOWN:-1,08,0,0,Internet (IN),A,NoError,,1467966965
Jul  8 2016 06:18:09.430109000 UTC,229,172.16.0.180,87-59-200-143-dynamic.dk.customer.tdc.net,0x00000001,1,0,tdc,87-59-200-143-dynamic.dk.customer,33,5,4.498939573903908,1,1_2_6_1_2_5_1_0,3.983386026362269E-8,gti:Minimal:1::fb:UNKNOWN:-1,06,0,0,Internet (IN),A,NoError,,1467958689
Jul  8 2016 07:26:42.599261000 UTC,274,172.16.0.192,1447514126578.5wfqtqnh3owrvn2ayiinues29qc9pb.volluto.com,0x00000001,1,0,volluto,1447514126578.5wfqtqnh3owrvn2ayiinues29qc9pb,44,4,4.629219686524097,0,0_10_8_1_3_5_1_0,3.983941173354986E-8,gti:Minimal:1::fb:UNKNOWN:-1,07,0,0,Internet (IN),A,NoError,,1467962802
Jul  8 2016 03:31:41.359154000 UTC,297,172.16.0.166,stjhnbsu1kw-047055190132.dhcp-dynamic.fibreop.nb.bellaliant.net,0x00000001,1,0,bellaliant,stjhnbsu1kw-047055190132.dhcp-dynamic.fibreop.nb,48,6,4.756328385912463,1,1_10_2_1_5_5_1_0,3.9911544025935196E-8,gti:Minimal:1::fb:UNKNOWN:-1,03,0,0,Internet (IN),A,NoError,,1467948701
Jul  8 2016 03:36:48.046451000 UTC,297,172.16.0.166,stjhnbsu1kw-047055190132.dhcp-dynamic.fibreop.nb.bellaliant.net,0x00000001,1,0,bellaliant,stjhnbsu1kw-047055190132.dhcp-dynamic.fibreop.nb,48,6,4.756328385912463,1,1_10_2_1_5_5_1_0,3.9911544025935196E-8,gti:Minimal:1::fb:UNKNOWN:-1,03,0,0,Internet (IN),A,NoError,,1467949008
Jul  8 2016 08:48:02.963783000 UTC,251,172.16.0.180,customer.ihre-magenverkleinerung-zum-trinken.co,0x00000001,1,0,customer,None,0,3,2.0,1,1_10_10_0_1_5_1_0,3.991401258987077E-8,gti:Medium:2::fb:UNKNOWN:-1,08,0,0,Internet (IN),A,NoError,,1467967682
Jul  8 2016 07:55:10.726606000 UTC,272,172.16.0.174,1447514238698.5wfqtqnh3owrvn2ayiinues29qc9pb.volluto.com,0x00000001,1,0,volluto,1447514238698.5wfqtqnh3owrvn2ayiinues29qc9pb,44,4,4.646376220664176,0,0_10_8_1_3_5_1_0,3.997743863902321E-8,gti:Unverified:-1::fb:UNKNOWN:-1,07,0,0,Internet (IN),A,NoError,,1467964510
Jul  8 2016 03:53:59.751686000 UTC,278,172.16.0.166,1447514297607.5wfqtqnh3owrvn2ayiinues29qc9pb.volluto.com,0x00000001,1,0,volluto,1447514297607.5wfqtqnh3owrvn2ayiinues29qc9pb,44,4,4.629219686524097,0,0_10_3_1_3_5_1_0,4.0059872936424425E-8,gti:Minimal:1::fb:UNKNOWN:-1,03,0,0,Internet (IN),A,NoError,,1467950039
Jul  8 2016 03:51:17.210489000 UTC,276,172.16.0.166,1447514126578.5wfqtqnh3owrvn2ayiinues29qc9pb.volluto.com,0x00000001,1,0,volluto,1447514126578.5wfqtqnh3owrvn2ayiinues29qc9pb,44,4,4.629219686524097,0,0_10_3_1_3_5_1_0,4.0059872936424425E-8,gti:Minimal:1::fb:UNKNOWN:-1,03,0,0,Internet (IN),A,NoError,,1467949877
Jul  8 2016 07:26:42.297852000 UTC,233,172.16.0.164,volkswagen-commercial-vehicles-carnet.com,0x00000001,1,0,None,None,0,2,2.0,0,0_6_8_0_1_1_1_0,5.255066177268287E-8,gti:Minimal:1::fb:UNKNOWN:-1,07,0,0,Internet (IN),A,NoError,,1467962802
Jul  8 2016 03:54:23.222360000 UTC,232,172.16.0.197,your-dns-needs-immediate-attention.gmail,0x00000001,1,0,None,None,0,2,2.0,0,0_6_3_0_1_1_1_0,5.2704377874168645E-8,gti:Unverified:-1::fb:UNKNOWN:-1,03,0,0,Internet (IN),A,NoError,,1467950063
Jul  8 2016 05:02:56.687944000 UTC,274,172.16.0.168,1447514170417.5wfqtqnh3owrvn2ayiinues29qc9pb.volluto.com,0x00000001,1,0,volluto,1447514170417.5wfqtqnh3owrvn2ayiinues29qc9pb,44,4,4.544325652580697,0,0_10_4_1_2_5_1_0,5.2765542519770807E-8,gti:Minimal:1::fb:UNKNOWN:-1,05,0,0,Internet (IN),A,NoError,,1467954176
Jul  8 2016 05:31:48.369171000 UTC,278,172.16.0.168,1447514403175.5wfqtqnh3owrvn2ayiinues29qc9pb.volluto.com,0x00000001,1,0,volluto,1447514403175.5wfqtqnh3owrvn2ayiinues29qc9pb,44,4,4.572623663895163,0,0_10_4_1_2_5_1_0,5.2765542519770807E-8,gti:Minimal:1::fb:UNKNOWN:-1,05,0,0,Internet (IN),A,NoError,,1467955908
Jul  8 2016 05:03:14.238166000 UTC,272,172.16.0.175,1447514403175.5wfqtqnh3owrvn2ayiinues29qc9pb.volluto.com,0x00000001,1,0,volluto,1447514403175.5wfqtqnh3owrvn2ayiinues29qc9pb,44,4,4.572623663895163,0,0_10_4_1_2_5_1_0,5.276817824787392E-8,gti:Minimal:1::fb:UNKNOWN:-1,05,0,0,Internet (IN),A,NoError,,1467954194
Jul  8 2016 08:07:43.875891000 UTC,233,172.16.0.188,jfs1b-hs21-amm-ar42b.jfs1b-hs21-amm-ar42b,0x00000001,1,0,None,None,0,2,2.0,0,0_6_8_0_1_1_1_0,5.278993149649037E-8,gti:Unverified:-1::fb:UNKNOWN:-1,08,0,0,Internet (IN),A,NoError,,1467965263
Jul  8 2016 04:20:27.135348000 UTC,232,172.16.0.194,autonationchevroletsuperstitionsprings.com,0x00000001,1,0,None,None,0,2,2.0,0,0_6_3_0_1_1_1_0,5.290340406477904E-8,gti:Minimal:1::fb:UNKNOWN:-1,04,0,0,Internet (IN),A,NoError,,1467951627
Jul  8 2016 07:26:22.077956000 UTC,233,172.16.0.176,ultimate-internet-marketing-solutions.com,0x00000001,1,0,None,None,0,2,2.0,0,0_6_8_0_1_1_1_0,5.2937427707849995E-8,gti:Minimal:1::fb:UNKNOWN:-1,07,0,0,Internet (IN),A,NoError,,1467962782
Jul  8 2016 05:06:07.066509000 UTC,278,172.16.0.188,1447514149657.5wfqtqnh3owrvn2ayiinues29qc9pb.volluto.com,0x00000001,1,0,volluto,1447514149657.5wfqtqnh3owrvn2ayiinues29qc9pb,44,4,4.555467129755084,0,0_10_4_1_2_5_1_0,5.303946578152485E-8,gti:Minimal:1::fb:UNKNOWN:-1,05,0,0,Internet (IN),A,NoError,,1467954367
Jul  8 2016 07:55:28.444334000 UTC,233,172.16.0.169,ultimate-internet-marketing-solutions.com,0x00000001,1,0,None,None,0,2,2.0,0,0_6_8_0_1_1_1_0,5.3052676608334015E-8,gti:Minimal:1::fb:UNKNOWN:-1,07,0,0,Internet (IN),A,NoError,,1467964528
Jul  8 2016 05:06:58.676279000 UTC,292,172.16.0.174,1234.hbrbdknti0ecaca3nymwkyly.1200195206.cmos.greencompute.org,0x00000001,1,0,greencompute,1234.hbrbdknti0ecaca3nymwkyly.1200195206.cmos,45,6,4.519087818311512,0,0_10_4_1_2_5_1_0,5.3189508761252475E-8,gti:Unverified:-1::fb:UNKNOWN:-1,05,0,0,Internet (IN),A,NoError,,1467954418
Jul  8 2016 08:22:24.785240000 UTC,280,172.16.0.168,1447514238698.5wfqtqnh3owrvn2ayiinues29qc9pb.volluto.com,0x00000001,1,0,volluto,1447514238698.5wfqtqnh3owrvn2ayiinues29qc9pb,44,4,4.646376220664176,0,0_10_9_1_3_5_1_0,6.522594770807683E-8,gti:Unverified:-1::fb:UNKNOWN:-1,08,0,0,Internet (IN),A,NoError,,1467966144
Jul  8 2016 06:31:56.469008000 UTC,276,172.16.0.181,1447514126578.5wfqtqnh3owrvn2ayiinues29qc9pb.volluto.com,0x00000001,1,0,volluto,1447514126578.5wfqtqnh3owrvn2ayiinues29qc9pb,44,4,4.629219686524097,0,0_10_6_1_3_5_1_0,6.537628935350977E-8,gti:Minimal:1::fb:UNKNOWN:-1,06,0,0,Internet (IN),A,NoError,,1467959516
Jul  8 2016 03:18:10.622939000 UTC,278,172.16.0.177,1447514297607.5wfqtqnh3owrvn2ayiinues29qc9pb.volluto.com,0x00000001,1,0,volluto,1447514297607.5wfqtqnh3owrvn2ayiinues29qc9pb,44,4,4.629219686524097,0,0_10_1_1_3_5_1_0,6.539667781287775E-8,gti:Minimal:1::fb:UNKNOWN:-1,03,0,0,Internet (IN),A,NoError,,1467947890
Jul  8 2016 06:33:19.068598000 UTC,240,172.16.0.170,www.wildsound-filmmaking-feedback-events.com,0x00000001,1,0,wildsound-filmmaking-feedback-events,www,3,3,0.0,1,1_10_6_1_0_5_1_0,6.542932805023626E-8,gti:Minimal:1::fb:UNKNOWN:-1,06,0,0,Internet (IN),A,NoError,,1467959599
Jul  8 2016 06:34:22.679722000 UTC,278,172.16.0.195,1447514403175.5wfqtqnh3owrvn2ayiinues29qc9pb.volluto.com,0x00000001,1,0,volluto,1447514403175.5wfqtqnh3owrvn2ayiinues29qc9pb,44,4,4.572623663895163,0,0_10_6_1_2_5_1_0,6.55344826611191E-8,gti:Minimal:1::fb:UNKNOWN:-1,06,0,0,Internet (IN),A,NoError,,1467959662
Jul  8 2016 06:30:12.430927000 UTC,276,172.16.0.182,1447514238698.5wfqtqnh3owrvn2ayiinues29qc9pb.volluto.com,0x00000001,1,0,volluto,1447514238698.5wfqtqnh3owrvn2ayiinues29qc9pb,44,4,4.646376220664176,0,0_10_6_1_3_5_1_0,6.563997346778622E-8,gti:Unverified:-1::fb:UNKNOWN:-1,06,0,0,Internet (IN),A,NoError,,1467959412
Jul  8 2016 08:03:54.183719000 UTC,276,172.16.0.168,1447514170417.5wfqtqnh3owrvn2ayiinues29qc9pb.volluto.com,0x00000001,1,0,volluto,1447514170417.5wfqtqnh3owrvn2ayiinues29qc9pb,44,4,4.544325652580697,0,0_10_8_1_2_5_1_0,6.569101359168001E-8,gti:Minimal:1::fb:UNKNOWN:-1,08,0,0,Internet (IN),A,NoError,,1467965034
Jul  8 2016 08:13:29.612531000 UTC,280,172.16.0.193,1447514403175.5wfqtqnh3owrvn2ayiinues29qc9pb.volluto.com,0x00000001,1,0,volluto,1447514403175.5wfqtqnh3owrvn2ayiinues29qc9pb,44,4,4.572623663895163,0,0_10_9_1_2_5_1_0,6.569533188230586E-8,gti:Minimal:1::fb:UNKNOWN:-1,08,0,0,Internet (IN),A,NoError,,1467965609
Jul  8 2016 06:28:22.590161000 UTC,236,172.16.0.197,www.this-page-intentionally-left-blank.org,0x00000001,1,0,this-page-intentionally-left-blank,www,3,3,0.0,1,1_10_6_1_0_5_1_0,6.569723612918658E-8,gti:Minimal:1::fb:UNKNOWN:-1,06,0,0,Internet (IN),A,NoError,,1467959302
Jul  8 2016 07:57:31.250711000 UTC,292,172.16.0.171,1234.hbrbdknti0ecaca3nymwkyly.1200195206.cmos.greencompute.org,0x00000001,1,0,greencompute,1234.hbrbdknti0ecaca3nymwkyly.1200195206.cmos,45,6,4.519087818311512,0,0_10_8_1_2_5_1_0,6.572270391152726E-8,gti:Unverified:-1::fb:UNKNOWN:-1,07,0,0,Internet (IN),A,NoError,,1467964651
Jul  8 2016 06:29:29.198536000 UTC,278,172.16.0.175,1447514403175.5wfqtqnh3owrvn2ayiinues29qc9pb.volluto.com,0x00000001,1,0,volluto,1447514403175.5wfqtqnh3owrvn2ayiinues29qc9pb,44,4,4.572623663895163,0,0_10_6_1_2_5_1_0,6.580359722476295E-8,gti:Minimal:1::fb:UNKNOWN:-1,06,0,0,Internet (IN),A,NoError,,1467959369
Jul  8 2016 05:59:14.818630000 UTC,232,172.16.0.175,www.sonomabedbreakfastinnwinecountry.com,0x00000001,1,0,sonomabedbreakfastinnwinecountry,www,3,3,0.0,0,0_6_5_1_0_5_1_0,6.580408528207391E-8,gti:Minimal:1::fb:UNKNOWN:-1,05,0,0,Internet (IN),A,NoError,,1467957554
Jul  8 2016 08:22:03.834947000 UTC,280,172.16.0.198,1447514403175.5wfqtqnh3owrvn2ayiinues29qc9pb.volluto.com,0x00000001,1,0,volluto,1447514403175.5wfqtqnh3owrvn2ayiinues29qc9pb,44,4,4.572623663895163,0,0_10_9_1_2_5_1_0,6.580475987015573E-8,gti:Minimal:1::fb:UNKNOWN:-1,08,0,0,Internet (IN),A,NoError,,1467966123
Jul  8 2016 06:30:07.307647000 UTC,280,172.16.0.171,1447514149657.5wfqtqnh3owrvn2ayiinues29qc9pb.volluto.com,0x00000001,1,0,volluto,1447514149657.5wfqtqnh3owrvn2ayiinues29qc9pb,44,4,4.555467129755084,0,0_10_6_1_2_5_1_0,6.580477721419001E-8,gti:Minimal:1::fb:UNKNOWN:-1,06,0,0,Internet (IN),A,NoError,,1467959407
Jul  8 2016 06:00:35.225989000 UTC,232,172.16.0.176,www.phosaigonpalacevietnamesecuisine.com,0x00000001,1,0,phosaigonpalacevietnamesecuisine,www,3,3,0.0,0,0_6_5_1_0_5_1_0,6.581223233263104E-8,gti:Unverified:-1::fb:UNKNOWN:-1,06,0,0,Internet (IN),A,NoError,,1467957635
Jul  8 2016 07:56:29.524464000 UTC,276,172.16.0.192,1447514149657.5wfqtqnh3owrvn2ayiinues29qc9pb.volluto.com,0x00000001,1,0,volluto,1447514149657.5wfqtqnh3owrvn2ayiinues29qc9pb,44,4,4.555467129755084,0,0_10_8_1_2_5_1_0,6.5814270098161E-8,gti:Minimal:1::fb:UNKNOWN:-1,07,0,0,Internet (IN),A,NoError,,1467964589
Jul  8 2016 05:58:59.744611000 UTC,232,172.16.0.180,www.colnbrookcommunityassociation.org.uk,0x00000001,1,0,colnbrookcommunityassociation,www,3,4,0.0,0,0_6_5_1_0_5_1_0,6.581447132782854E-8,gti:Minimal:1::fb:UNKNOWN:-1,05,0,0,Internet (IN),A,NoError,,1467957539
Jul  8 2016 05:34:10.155248000 UTC,233,172.16.0.167,www.wholesalechristianlouboutinonline.com,0x00000001,1,0,wholesalechristianlouboutinonline,www,3,3,0.0,0,0_6_5_1_0_5_1_0,6.586883482751866E-8,gti:Minimal:1::fb:UNKNOWN:-1,05,0,0,Internet (IN),A,NoError,,1467956050
Jul  8 2016 06:28:34.345742000 UTC,259,172.16.0.185,www.central-air-conditioner-and-refrigeration.com,0x00000001,1,0,central-air-conditioner-and-refrigeration,www,3,3,0.0,1,1_10_6_1_0_5_1_0,6.591633862456898E-8,gti:Minimal:1::fb:UNKNOWN:-1,06,0,0,Internet (IN),A,NoError,,1467959314
Jul  8 2016 03:24:57.045376000 UTC,280,172.16.0.180,1447514126578.5wfqtqnh3owrvn2ayiinues29qc9pb.volluto.com,0x00000001,1,0,volluto,1447514126578.5wfqtqnh3owrvn2ayiinues29qc9pb,44,4,4.629219686524097,0,0_10_1_1_3_5_1_0,6.594122952842159E-8,gti:Minimal:1::fb:UNKNOWN:-1,03,0,0,Internet (IN),A,NoError,,1467948297
Jul  8 2016 03:26:11.597297000 UTC,280,172.16.0.185,1447514126578.5wfqtqnh3owrvn2ayiinues29qc9pb.volluto.com,0x00000001,1,0,volluto,1447514126578.5wfqtqnh3owrvn2ayiinues29qc9pb,44,4,4.629219686524097,0,0_10_1_1_3_5_1_0,6.594543113404716E-8,gti:Minimal:1::fb:UNKNOWN:-1,03,0,0,Internet (IN),A,NoError,,1467948371
Jul  8 2016 03:20:45.104007000 UTC,276,172.16.0.193,1447514238698.5wfqtqnh3owrvn2ayiinues29qc9pb.volluto.com,0x00000001,1,0,volluto,1447514238698.5wfqtqnh3owrvn2ayiinues29qc9pb,44,4,4.646376220664176,0,0_10_1_1_3_5_1_0,6.596019498922114E-8,gti:Unverified:-1::fb:UNKNOWN:-1,03,0,0,Internet (IN),A,NoError,,1467948045
Jul  8 2016 06:02:12.093964000 UTC,232,172.16.0.168,your-dns-needs-immediate-attention.gmail,0x00000001,1,0,None,None,0,2,2.0,0,0_6_5_0_1_1_1_0,6.600102751832958E-8,gti:Unverified:-1::fb:UNKNOWN:-1,06,0,0,Internet (IN),A,NoError,,1467957732
Jul  8 2016 08:22:43.189671000 UTC,294,172.16.0.169,1234.hbrbdknti0ecaca3nymwkyly.1200195206.cmos.greencompute.org,0x00000001,1,0,greencompute,1234.hbrbdknti0ecaca3nymwkyly.1200195206.cmos,45,6,4.519087818311512,0,0_10_9_1_2_5_1_0,6.602034392020665E-8,gti:Unverified:-1::fb:UNKNOWN:-1,08,0,0,Internet (IN),A,NoError,,1467966163
Jul  8 2016 08:22:56.843082000 UTC,278,172.16.0.176,1447514126578.5wfqtqnh3owrvn2ayiinues29qc9pb.volluto.com,0x00000001,1,0,volluto,1447514126578.5wfqtqnh3owrvn2ayiinues29qc9pb,44,4,4.629219686524097,0,0_10_9_1_3_5_1_0,6.602943212486995E-8,gti:Minimal:1::fb:UNKNOWN:-1,08,0,0,Internet (IN),A,NoError,,1467966176
Jul  8 2016 06:33:06.075778000 UTC,278,172.16.0.183,1447514297607.5wfqtqnh3owrvn2ayiinues29qc9pb.volluto.com,0x00000001,1,0,volluto,1447514297607.5wfqtqnh3owrvn2ayiinues29qc9pb,44,4,4.629219686524097,0,0_10_6_1_3_5_1_0,6.603182413527013E-8,gti:Minimal:1::fb:UNKNOWN:-1,06,0,0,Internet (IN),A,NoError,,1467959586
Jul  8 2016 06:29:02.342791000 UTC,265,172.16.0.177,www.hasthelargehadroncolliderdestroyedtheworldyet.com,0x00000001,1,0,hasthelargehadroncolliderdestroyedtheworldyet,www,3,3,0.0,1,1_10_6_1_0_5_1_0,6.60395829811075E-8,gti:Minimal:1::fb:UNKNOWN:-1,06,0,0,Internet (IN),A,NoError,,1467959342
Jul  8 2016 06:19:54.367389000 UTC,278,172.16.0.173,1447514170417.5wfqtqnh3owrvn2ayiinues29qc9pb.volluto.com,0x00000001,1,0,volluto,1447514170417.5wfqtqnh3owrvn2ayiinues29qc9pb,44,4,4.544325652580697,0,0_10_6_1_2_5_1_0,6.604994810810469E-8,gti:Minimal:1::fb:UNKNOWN:-1,06,0,0,Internet (IN),A,NoError,,1467958794
Jul  8 2016 06:31:00.354861000 UTC,274,172.16.0.166,1447514403175.5wfqtqnh3owrvn2ayiinues29qc9pb.volluto.com,0x00000001,1,0,volluto,1447514403175.5wfqtqnh3owrvn2ayiinues29qc9pb,44,4,4.572623663895163,0,0_10_6_1_2_5_1_0,6.606017525439192E-8,gti:Minimal:1::fb:UNKNOWN:-1,06,0,0,Internet (IN),A,NoError,,1467959460
Jul  8 2016 08:08:48.871444000 UTC,276,172.16.0.184,1447514403175.5wfqtqnh3owrvn2ayiinues29qc9pb.volluto.com,0x00000001,1,0,volluto,1447514403175.5wfqtqnh3owrvn2ayiinues29qc9pb,44,4,4.572623663895163,0,0_10_9_1_2_5_1_0,6.606681097201282E-8,gti:Minimal:1::fb:UNKNOWN:-1,08,0,0,Internet (IN),A,NoError,,1467965328
Jul  8 2016 06:30:56.267853000 UTC,264,172.16.0.201,www.life-saving-naturalcures-and-naturalremedies.com,0x00000001,1,0,life-saving-naturalcures-and-naturalremedies,www,3,3,0.0,1,1_10_6_1_0_5_1_0,6.608087083533398E-8,gti:Minimal:1::fb:UNKNOWN:-1,06,0,0,Internet (IN),A,NoError,,1467959456
Jul  8 2016 06:16:45.108479000 UTC,272,172.16.0.188,1447514126578.5wfqtqnh3owrvn2ayiinues29qc9pb.volluto.com,0x00000001,1,0,volluto,1447514126578.5wfqtqnh3owrvn2ayiinues29qc9pb,44,4,4.629219686524097,0,0_10_6_1_3_5_1_0,6.608094228486176E-8,gti:Minimal:1::fb:UNKNOWN:-1,06,0,0,Internet (IN),A,NoError,,1467958605
Jul  8 2016 06:30:44.630113000 UTC,269,172.16.0.195,www.hasthelargehadroncolliderdestroyedtheworldyet.com,0x00000001,1,0,hasthelargehadroncolliderdestroyedtheworldyet,www,3,3,0.0,1,1_10_6_1_0_5_1_0,6.608867623128949E-8,gti:Minimal:1::fb:UNKNOWN:-1,06,0,0,Internet (IN),A,NoError,,1467959444
Jul  8 2016 06:21:17.235356000 UTC,292,172.16.0.200,1234.hbrbdknti0ecaca3nymwkyly.1200195206.cmos.greencompute.org,0x00000001,1,0,greencompute,1234.hbrbdknti0ecaca3nymwkyly.1200195206.cmos,45,6,4.519087818311512,0,0_10_6_1_2_5_1_0,6.609741268537606E-8,gti:Unverified:-1::fb:UNKNOWN:-1,06,0,0,Internet (IN),A,NoError,,1467958877
Jul  8 2016 05:59:26.983292000 UTC,233,172.16.0.187,ultimate-internet-marketing-solutions.com,0x00000001,1,0,None,None,0,2,2.0,0,0_6_5_0_1_1_1_0,6.609771604671808E-8,gti:Minimal:1::fb:UNKNOWN:-1,05,0,0,Internet (IN),A,NoError,,1467957566
Jul  8 2016 08:08:43.595427000 UTC,274,172.16.0.202,1447514126578.5wfqtqnh3owrvn2ayiinues29qc9pb.volluto.com,0x00000001,1,0,volluto,1447514126578.5wfqtqnh3owrvn2ayiinues29qc9pb,44,4,4.629219686524097,0,0_10_9_1_3_5_1_0,6.618048327378493E-8,gti:Minimal:1::fb:UNKNOWN:-1,08,0,0,Internet (IN),A,NoError,,1467965323
Jul  8 2016 06:28:07.496721000 UTC,278,172.16.0.187,1447514297607.5wfqtqnh3owrvn2ayiinues29qc9pb.volluto.com,0x00000001,1,0,volluto,1447514297607.5wfqtqnh3owrvn2ayiinues29qc9pb,44,4,4.629219686524097,0,0_10_6_1_3_5_1_0,6.619160369102752E-8,gti:Minimal:1::fb:UNKNOWN:-1,06,0,0,Internet (IN),A,NoError,,1467959287
Jul  8 2016 08:13:51.548759000 UTC,280,172.16.0.187,1447514238698.5wfqtqnh3owrvn2ayiinues29qc9pb.volluto.com,0x00000001,1,0,volluto,1447514238698.5wfqtqnh3owrvn2ayiinues29qc9pb,44,4,4.646376220664176,0,0_10_9_1_3_5_1_0,6.621066851572438E-8,gti:Unverified:-1::fb:UNKNOWN:-1,08,0,0,Internet (IN),A,NoError,,1467965631
Jul  8 2016 08:07:50.312147000 UTC,280,172.16.0.191,1447514149657.5wfqtqnh3owrvn2ayiinues29qc9pb.volluto.com,0x00000001,1,0,volluto,1447514149657.5wfqtqnh3owrvn2ayiinues29qc9pb,44,4,4.555467129755084,0,0_10_9_1_2_5_1_0,6.622139174839649E-8,gti:Minimal:1::fb:UNKNOWN:-1,08,0,0,Internet (IN),A,NoError,,1467965270
Jul  8 2016 07:59:19.039861000 UTC,278,172.16.0.182,1447514403175.5wfqtqnh3owrvn2ayiinues29qc9pb.volluto.com,0x00000001,1,0,volluto,1447514403175.5wfqtqnh3owrvn2ayiinues29qc9pb,44,4,4.572623663895163,0,0_10_8_1_2_5_1_0,6.623840695867106E-8,gti:Minimal:1::fb:UNKNOWN:-1,07,0,0,Internet (IN),A,NoError,,1467964759
Jul  8 2016 08:22:09.198409000 UTC,274,172.16.0.180,1447514149657.5wfqtqnh3owrvn2ayiinues29qc9pb.volluto.com,0x00000001,1,0,volluto,1447514149657.5wfqtqnh3owrvn2ayiinues29qc9pb,44,4,4.555467129755084,0,0_10_9_1_2_5_1_0,6.623977373137318E-8,gti:Minimal:1::fb:UNKNOWN:-1,08,0,0,Internet (IN),A,NoError,,1467966129
Jul  8 2016 06:00:22.765983000 UTC,233,172.16.0.165,jfs1b-hs21-amm-ar42b.jfs1b-hs21-amm-ar42b,0x00000001,1,0,None,None,0,2,2.0,0,0_6_5_0_1_1_1_0,6.62520643138732E-8,gti:Unverified:-1::fb:UNKNOWN:-1,06,0,0,Internet (IN),A,NoError,,1467957622
Jul  8 2016 08:25:40.654271000 UTC,274,172.16.0.199,1447514297607.5wfqtqnh3owrvn2ayiinues29qc9pb.volluto.com,0x00000001,1,0,volluto,1447514297607.5wfqtqnh3owrvn2ayiinues29qc9pb,44,4,4.629219686524097,0,0_10_9_1_3_5_1_0,6.627014177064836E-8,gti:Minimal:1::fb:UNKNOWN:-1,08,0,0,Internet (IN),A,NoError,,1467966340
Jul  8 2016 05:33:55.433493000 UTC,233,172.16.0.197,volkswagen-commercial-vehicles-carnet.com,0x00000001,1,0,None,None,0,2,2.0,0,0_6_5_0_1_1_1_0,6.631605769331867E-8,gti:Minimal:1::fb:UNKNOWN:-1,05,0,0,Internet (IN),A,NoError,,1467956035
Jul  8 2016 03:15:45.608071000 UTC,276,172.16.0.167,1447514126578.5wfqtqnh3owrvn2ayiinues29qc9pb.volluto.com,0x00000001,1,0,volluto,1447514126578.5wfqtqnh3owrvn2ayiinues29qc9pb,44,4,4.629219686524097,0,0_10_1_1_3_5_1_0,6.6319539018819E-8,gti:Minimal:1::fb:UNKNOWN:-1,03,0,0,Internet (IN),A,NoError,,1467947745
Jul  8 2016 06:02:51.704266000 UTC,232,172.16.0.172,www.workplacestrategiesformentalhealth.com,0x00000001,1,0,workplacestrategiesformentalhealth,www,3,3,0.0,0,0_6_5_1_0_5_1_0,6.632319750181786E-8,gti:Minimal:1::fb:UNKNOWN:-1,06,0,0,Internet (IN),A,NoError,,1467957771
Jul  8 2016 06:21:41.055986000 UTC,278,172.16.0.179,1447514126578.5wfqtqnh3owrvn2ayiinues29qc9pb.volluto.com,0x00000001,1,0,volluto,1447514126578.5wfqtqnh3owrvn2ayiinues29qc9pb,44,4,4.629219686524097,0,0_10_6_1_3_5_1_0,6.633143353392021E-8,gti:Minimal:1::fb:UNKNOWN:-1,06,0,0,Internet (IN),A,NoError,,1467958901
Jul  8 2016 06:31:23.597451000 UTC,274,172.16.0.174,1447514238698.5wfqtqnh3owrvn2ayiinues29qc9pb.volluto.com,0x00000001,1,0,volluto,1447514238698.5wfqtqnh3owrvn2ayiinues29qc9pb,44,4,4.646376220664176,0,0_10_6_1_3_5_1_0,6.656676379992472E-8,gti:Unverified:-1::fb:UNKNOWN:-1,06,0,0,Internet (IN),A,NoError,,1467959483
Jul  8 2016 06:03:04.375965000 UTC,233,172.16.0.183,ultimate-internet-marketing-solutions.com,0x00000001,1,0,None,None,0,2,2.0,0,0_6_5_0_1_1_1_0,6.666653115177542E-8,gti:Minimal:1::fb:UNKNOWN:-1,06,0,0,Internet (IN),A,NoError,,1467957784
Jul  8 2016 03:19:02.134884000 UTC,238,172.16.0.195,www.wildsound-filmmaking-feedback-events.com,0x00000001,1,0,wildsound-filmmaking-feedback-events,www,3,3,0.0,1,1_10_1_1_0_5_1_0,7.785370003340294E-8,gti:Minimal:1::fb:UNKNOWN:-1,03,0,0,Internet (IN),A,NoError,,1467947942
Jul  8 2016 03:54:45.729297000 UTC,278,172.16.0.196,1447514403175.5wfqtqnh3owrvn2ayiinues29qc9pb.volluto.com,0x00000001,1,0,volluto,1447514403175.5wfqtqnh3owrvn2ayiinues29qc9pb,44,4,4.572623663895163,0,0_10_3_1_2_5_1_0,7.830179353823167E-8,gti:Minimal:1::fb:UNKNOWN:-1,03,0,0,Internet (IN),A,NoError,,1467950085
Jul  8 2016 03:36:26.861689000 UTC,268,172.16.0.168,www.life-saving-naturalcures-and-naturalremedies.com,0x00000001,1,0,life-saving-naturalcures-and-naturalremedies,www,3,3,0.0,1,1_10_2_1_0_5_1_0,7.83443344289434E-8,gti:Minimal:1::fb:UNKNOWN:-1,03,0,0,Internet (IN),A,NoError,,1467948986
Jul  8 2016 03:37:14.781924000 UTC,278,172.16.0.173,1447514149657.5wfqtqnh3owrvn2ayiinues29qc9pb.volluto.com,0x00000001,1,0,volluto,1447514149657.5wfqtqnh3owrvn2ayiinues29qc9pb,44,4,4.555467129755084,0,0_10_2_1_2_5_1_0,7.843236272061599E-8,gti:Minimal:1::fb:UNKNOWN:-1,03,0,0,Internet (IN),A,NoError,,1467949034
Jul  8 2016 03:32:13.239702000 UTC,236,172.16.0.172,www.this-page-intentionally-left-blank.org,0x00000001,1,0,this-page-intentionally-left-blank,www,3,3,0.0,1,1_10_2_1_0_5_1_0,7.85092539573107E-8,gti:Minimal:1::fb:UNKNOWN:-1,03,0,0,Internet (IN),A,NoError,,1467948733
Jul  8 2016 03:26:21.750011000 UTC,259,172.16.0.191,www.central-air-conditioner-and-refrigeration.com,0x00000001,1,0,central-air-conditioner-and-refrigeration,www,3,3,0.0,1,1_10_1_1_0_5_1_0,7.8649445498246E-8,gti:Minimal:1::fb:UNKNOWN:-1,03,0,0,Internet (IN),A,NoError,,1467948381
Jul  8 2016 03:24:57.333729000 UTC,268,172.16.0.166,www.life-saving-naturalcures-and-naturalremedies.com,0x00000001,1,0,life-saving-naturalcures-and-naturalremedies,www,3,3,0.0,1,1_10_1_1_0_5_1_0,7.867763078014656E-8,gti:Minimal:1::fb:UNKNOWN:-1,03,0,0,Internet (IN),A,NoError,,1467948297
Jul  8 2016 05:03:41.218501000 UTC,301,172.16.0.201,stjhnf0157w-099192008140.dhcp-dynamic.fibreop.nl.bellaliant.net,0x00000001,1,0,bellaliant,stjhnf0157w-099192008140.dhcp-dynamic.fibreop.nl,48,6,4.655187698990101,1,1_10_4_1_4_5_1_0,7.870348137287958E-8,gti:Minimal:1::fb:UNKNOWN:-1,05,0,0,Internet (IN),A,NoError,,1467954221
Jul  8 2016 05:05:21.869882000 UTC,297,172.16.0.185,stjhnbsu1kw-047054242230.dhcp-dynamic.fibreop.nb.bellaliant.net,0x00000001,1,0,bellaliant,stjhnbsu1kw-047054242230.dhcp-dynamic.fibreop.nb,48,6,4.698934896284057,1,1_10_4_1_4_5_1_0,7.874077048266664E-8,gti:Minimal:1::fb:UNKNOWN:-1,05,0,0,Internet (IN),A,NoError,,1467954321
Jul  8 2016 03:34:39.831000000 UTC,298,172.16.0.172,1234.hbrbdknti0ecaca3nymwkyly.1200195206.cmos.greencompute.org,0x00000001,1,0,greencompute,1234.hbrbdknti0ecaca3nymwkyly.1200195206.cmos,45,6,4.519087818311512,0,0_10_2_1_2_5_1_0,7.874507009191328E-8,gti:Unverified:-1::fb:UNKNOWN:-1,03,0,0,Internet (IN),A,NoError,,1467948879
Jul  8 2016 04:37:25.548290000 UTC,274,172.16.0.185,1447514149657.5wfqtqnh3owrvn2ayiinues29qc9pb.volluto.com,0x00000001,1,0,volluto,1447514149657.5wfqtqnh3owrvn2ayiinues29qc9pb,44,4,4.555467129755084,0,0_10_3_1_2_5_1_0,7.87682199727854E-8,gti:Minimal:1::fb:UNKNOWN:-1,04,0,0,Internet (IN),A,NoError,,1467952645
Jul  8 2016 07:26:36.437295000 UTC,233,172.16.0.197,www.wholesalechristianlouboutinonline.com,0x00000001,1,0,wholesalechristianlouboutinonline,www,3,3,0.0,0,0_6_8_1_0_5_1_0,7.87904877791909E-8,gti:Minimal:1::fb:UNKNOWN:-1,07,0,0,Internet (IN),A,NoError,,1467962796
Jul  8 2016 03:13:38.991462000 UTC,257,172.16.0.192,www.central-air-conditioner-and-refrigeration.com,0x00000001,1,0,central-air-conditioner-and-refrigeration,www,3,3,0.0,1,1_10_1_1_0_5_1_0,7.879965910023269E-8,gti:Minimal:1::fb:UNKNOWN:-1,03,0,0,Internet (IN),A,NoError,,1467947618
Jul  8 2016 07:57:45.250940000 UTC,233,172.16.0.191,www.cheap-hotels-london-city-centre.co.uk,0x00000001,1,0,cheap-hotels-london-city-centre,www,3,4,0.0,0,0_6_8_1_0_5_1_0,7.882428468800941E-8,gti:Minimal:1::fb:UNKNOWN:-1,07,0,0,Internet (IN),A,NoError,,1467964665
Jul  8 2016 07:55:36.425180000 UTC,233,172.16.0.190,www.wholesalechristianlouboutinonline.com,0x00000001,1,0,wholesalechristianlouboutinonline,www,3,3,0.0,0,0_6_8_1_0_5_1_0,7.890373909916241E-8,gti:Minimal:1::fb:UNKNOWN:-1,07,0,0,Internet (IN),A,NoError,,1467964536
Jul  8 2016 03:54:37.234701000 UTC,278,172.16.0.170,1447514170417.5wfqtqnh3owrvn2ayiinues29qc9pb.volluto.com,0x00000001,1,0,volluto,1447514170417.5wfqtqnh3owrvn2ayiinues29qc9pb,44,4,4.544325652580697,0,0_10_3_1_2_5_1_0,7.897393397562859E-8,gti:Minimal:1::fb:UNKNOWN:-1,03,0,0,Internet (IN),A,NoError,,1467950077
Jul  8 2016 08:36:09.219858000 UTC,272,172.16.0.195,1447514149657.5wfqtqnh3owrvn2ayiinues29qc9pb.volluto.com,0x00000001,1,0,volluto,1447514149657.5wfqtqnh3owrvn2ayiinues29qc9pb,44,4,4.555467129755084,0,0_10_10_1_2_5_1_0,7.900583793416178E-8,gti:Minimal:1::fb:UNKNOWN:-1,08,0,0,Internet (IN),A,NoError,,1467966969
Jul  8 2016 08:37:04.730532000 UTC,296,172.16.0.168,1234.hbrbdknti0ecaca3nymwkyly.1200195206.cmos.greencompute.org,0x00000001,1,0,greencompute,1234.hbrbdknti0ecaca3nymwkyly.1200195206.cmos,45,6,4.519087818311512,0,0_10_10_1_2_5_1_0,7.904066391811097E-8,gti:Unverified:-1::fb:UNKNOWN:-1,08,0,0,Internet (IN),A,NoError,,1467967024
Jul  8 2016 03:13:20.679452000 UTC,233,172.16.0.189,www.cloudbusinesstransformationcenter.com,0x00000001,1,0,cloudbusinesstransformationcenter,www,3,3,0.0,0,0_6_1_1_0_5_1_0,7.905180551839624E-8,gti:Minimal:1::fb:UNKNOWN:-1,03,0,0,Internet (IN),A,NoError,,1467947600
Jul  8 2016 03:39:57.272201000 UTC,296,172.16.0.191,1234.hbrbdknti0ecaca3nymwkyly.1200195206.cmos.greencompute.org,0x00000001,1,0,greencompute,1234.hbrbdknti0ecaca3nymwkyly.1200195206.cmos,45,6,4.519087818311512,0,0_10_2_1_2_5_1_0,7.911721154768374E-8,gti:Unverified:-1::fb:UNKNOWN:-1,03,0,0,Internet (IN),A,NoError,,1467949197
Jul  8 2016 07:26:00.436799000 UTC,232,172.16.0.178,www.sonomabedbreakfastinnwinecountry.com,0x00000001,1,0,sonomabedbreakfastinnwinecountry,www,3,3,0.0,0,0_6_8_1_0_5_1_0,7.912372440792252E-8,gti:Minimal:1::fb:UNKNOWN:-1,07,0,0,Internet (IN),A,NoError,,1467962760
Jul  8 2016 03:54:08.404861000 UTC,280,172.16.0.174,1447514149657.5wfqtqnh3owrvn2ayiinues29qc9pb.volluto.com,0x00000001,1,0,volluto,1447514149657.5wfqtqnh3owrvn2ayiinues29qc9pb,44,4,4.555467129755084,0,0_10_3_1_2_5_1_0,7.920805168911954E-8,gti:Minimal:1::fb:UNKNOWN:-1,03,0,0,Internet (IN),A,NoError,,1467950048
Jul  8 2016 07:28:00.671563000 UTC,233,172.16.0.193,www.coloring-pages-book-for-kids-boys.com,0x00000001,1,0,coloring-pages-book-for-kids-boys,www,3,3,0.0,0,0_6_8_1_0_5_1_0,7.921631127805616E-8,gti:Unverified:-1::fb:UNKNOWN:-1,07,0,0,Internet (IN),A,NoError,,1467962880
Jul  8 2016 03:08:40.376334000 UTC,233,172.16.0.167,www.cloudbusinesstransformationcenter.com,0x00000001,1,0,cloudbusinesstransformationcenter,www,3,3,0.0,0,0_6_1_1_0_5_1_0,7.926724935545734E-8,gti:Minimal:1::fb:UNKNOWN:-1,03,0,0,Internet (IN),A,NoError,,1467947320
Jul  8 2016 08:57:09.591212000 UTC,296,172.16.0.174,1234.hbrbdknti0ecaca3nymwkyly.1200195206.cmos.greencompute.org,0x00000001,1,0,greencompute,1234.hbrbdknti0ecaca3nymwkyly.1200195206.cmos,45,6,4.519087818311512,0,0_10_10_1_2_5_1_0,7.928942131144148E-8,gti:Unverified:-1::fb:UNKNOWN:-1,08,0,0,Internet (IN),A,NoError,,1467968229
Jul  8 2016 03:26:11.775774000 UTC,268,172.16.0.200,www.life-saving-naturalcures-and-naturalremedies.com,0x00000001,1,0,life-saving-naturalcures-and-naturalremedies,www,3,3,0.0,1,1_10_1_1_0_5_1_0,7.92912153984144E-8,gti:Minimal:1::fb:UNKNOWN:-1,03,0,0,Internet (IN),A,NoError,,1467948371
Jul  8 2016 05:05:51.979016000 UTC,299,172.16.0.182,stjhnf0157w-142162034055.dhcp-dynamic.fibreop.nl.bellaliant.net,0x00000001,1,0,bellaliant,stjhnf0157w-142162034055.dhcp-dynamic.fibreop.nl,48,6,4.714661719245797,1,1_10_4_1_4_5_1_0,7.936027143005097E-8,gti:Unverified:-1::fb:UNKNOWN:-1,05,0,0,Internet (IN),A,NoError,,1467954351
Jul  8 2016 03:30:44.049900000 UTC,259,172.16.0.166,www.central-air-conditioner-and-refrigeration.com,0x00000001,1,0,central-air-conditioner-and-refrigeration,www,3,3,0.0,1,1_10_2_1_0_5_1_0,7.936931667935483E-8,gti:Minimal:1::fb:UNKNOWN:-1,03,0,0,Internet (IN),A,NoError,,1467948644
Jul  8 2016 09:02:11.230647000 UTC,276,172.16.0.179,1447514403175.5wfqtqnh3owrvn2ayiinues29qc9pb.volluto.com,0x00000001,1,0,volluto,1447514403175.5wfqtqnh3owrvn2ayiinues29qc9pb,44,4,4.572623663895163,0,0_10_10_1_2_5_1_0,7.944226065642806E-8,gti:Minimal:1::fb:UNKNOWN:-1,09,0,0,Internet (IN),A,NoError,,1467968531
Jul  8 2016 03:37:14.229093000 UTC,234,172.16.0.196,www.this-page-intentionally-left-blank.org,0x00000001,1,0,this-page-intentionally-left-blank,www,3,3,0.0,1,1_10_2_1_0_5_1_0,7.945524536414148E-8,gti:Minimal:1::fb:UNKNOWN:-1,03,0,0,Internet (IN),A,NoError,,1467949034
Jul  8 2016 05:31:43.925437000 UTC,297,172.16.0.200,stjhnf0157w-142162034055.dhcp-dynamic.fibreop.nl.bellaliant.net,0x00000001,1,0,bellaliant,stjhnf0157w-142162034055.dhcp-dynamic.fibreop.nl,48,6,4.714661719245797,1,1_10_4_1_4_5_1_0,7.946403286608063E-8,gti:Unverified:-1::fb:UNKNOWN:-1,05,0,0,Internet (IN),A,NoError,,1467955903
Jul  8 2016 07:55:26.266747000 UTC,233,172.16.0.174,www.philosophische-fakultaet.rwth-aachen.de,0x00000001,1,0,philosophische-fakultaet,www,3,4,0.0,0,0_6_8_1_0_5_1_0,7.947265777373678E-8,gti:Minimal:1::fb:UNKNOWN:-1,07,0,0,Internet (IN),A,NoError,,1467964526
Jul  8 2016 03:38:59.375564000 UTC,276,172.16.0.183,1447514149657.5wfqtqnh3owrvn2ayiinues29qc9pb.volluto.com,0x00000001,1,0,volluto,1447514149657.5wfqtqnh3owrvn2ayiinues29qc9pb,44,4,4.555467129755084,0,0_10_2_1_2_5_1_0,7.95004885894484E-8,gti:Minimal:1::fb:UNKNOWN:-1,03,0,0,Internet (IN),A,NoError,,1467949139
Jul  8 2016 05:05:40.314747000 UTC,301,172.16.0.173,stjhnf0157w-142166157194.dhcp-dynamic.fibreop.nl.bellaliant.net,0x00000001,1,0,bellaliant,stjhnf0157w-142166157194.dhcp-dynamic.fibreop.nl,48,6,4.686641344913579,1,1_10_4_1_4_5_1_0,7.952378470277781E-8,gti:Minimal:1::fb:UNKNOWN:-1,05,0,0,Internet (IN),A,NoError,,1467954340
Jul  8 2016 03:12:37.305365000 UTC,233,172.16.0.197,www.clearpointcreditcounselingsolutions.org,0x00000001,1,0,clearpointcreditcounselingsolutions,www,3,3,0.0,0,0_6_1_1_0_5_1_0,7.952532983906432E-8,gti:Minimal:1::fb:UNKNOWN:-1,03,0,0,Internet (IN),A,NoError,,1467947557
Jul  8 2016 09:02:01.964765000 UTC,276,172.16.0.186,1447514170417.5wfqtqnh3owrvn2ayiinues29qc9pb.volluto.com,0x00000001,1,0,volluto,1447514170417.5wfqtqnh3owrvn2ayiinues29qc9pb,44,4,4.544325652580697,0,0_10_10_1_2_5_1_0,7.953082397603275E-8,gti:Minimal:1::fb:UNKNOWN:-1,09,0,0,Internet (IN),A,NoError,,1467968521
Jul  8 2016 03:32:20.110649000 UTC,257,172.16.0.199,www.central-air-conditioner-and-refrigeration.com,0x00000001,1,0,central-air-conditioner-and-refrigeration,www,3,3,0.0,1,1_10_2_1_0_5_1_0,7.953680324875184E-8,gti:Minimal:1::fb:UNKNOWN:-1,03,0,0,Internet (IN),A,NoError,,1467948740
Jul  8 2016 03:30:31.208494000 UTC,234,172.16.0.174,www.this-page-intentionally-left-blank.org,0x00000001,1,0,this-page-intentionally-left-blank,www,3,3,0.0,1,1_10_2_1_0_5_1_0,7.957239272239792E-8,gti:Minimal:1::fb:UNKNOWN:-1,03,0,0,Internet (IN),A,NoError,,1467948631
Jul  8 2016 03:54:01.382249000 UTC,276,172.16.0.177,1447514403175.5wfqtqnh3owrvn2ayiinues29qc9pb.volluto.com,0x00000001,1,0,volluto,1447514403175.5wfqtqnh3owrvn2ayiinues29qc9pb,44,4,4.572623663895163,0,0_10_3_1_2_5_1_0,7.958279268649727E-8,gti:Minimal:1::fb:UNKNOWN:-1,03,0,0,Internet (IN),A,NoError,,1467950041
Jul  8 2016 03:16:47.694027000 UTC,233,172.16.0.201,www.coloring-pages-book-for-kids-boys.com,0x00000001,1,0,coloring-pages-book-for-kids-boys,www,3,3,0.0,0,0_6_1_1_0_5_1_0,7.965164439074932E-8,gti:Unverified:-1::fb:UNKNOWN:-1,03,0,0,Internet (IN),A,NoError,,1467947807
Jul  8 2016 03:13:41.393807000 UTC,233,172.16.0.200,www.wholesalechristianlouboutinonline.com,0x00000001,1,0,wholesalechristianlouboutinonline,www,3,3,0.0,0,0_6_1_1_0_5_1_0,7.965618462252634E-8,gti:Minimal:1::fb:UNKNOWN:-1,03,0,0,Internet (IN),A,NoError,,1467947621
Jul  8 2016 03:18:40.361011000 UTC,232,172.16.0.187,www.california-colleges-universities.org,0x00000001,1,0,california-colleges-universities,www,3,3,0.0,0,0_6_1_1_0_5_1_0,7.969937210868234E-8,gti:Unverified:-1::fb:UNKNOWN:-1,03,0,0,Internet (IN),A,NoError,,1467947920
Jul  8 2016 08:35:50.303518000 UTC,274,172.16.0.191,1447514403175.5wfqtqnh3owrvn2ayiinues29qc9pb.volluto.com,0x00000001,1,0,volluto,1447514403175.5wfqtqnh3owrvn2ayiinues29qc9pb,44,4,4.572623663895163,0,0_10_10_1_2_5_1_0,7.970107117535791E-8,gti:Minimal:1::fb:UNKNOWN:-1,08,0,0,Internet (IN),A,NoError,,1467966950
Jul  8 2016 05:20:01.815017000 UTC,297,172.16.0.187,stjhnbsu1kw-047054242230.dhcp-dynamic.fibreop.nb.bellaliant.net,0x00000001,1,0,bellaliant,stjhnbsu1kw-047054242230.dhcp-dynamic.fibreop.nb,48,6,4.698934896284057,1,1_10_4_1_4_5_1_0,7.98162149954602E-8,gti:Minimal:1::fb:UNKNOWN:-1,05,0,0,Internet (IN),A,NoError,,1467955201
Jul  8 2016 03:38:09.415651000 UTC,290,172.16.0.200,1234.hbrbdknti0ecaca3nymwkyly.1200195206.cmos.greencompute.org,0x00000001,1,0,greencompute,1234.hbrbdknti0ecaca3nymwkyly.1200195206.cmos,45,6,4.519087818311512,0,0_10_2_1_2_5_1_0,7.982092422347831E-8,gti:Unverified:-1::fb:UNKNOWN:-1,03,0,0,Internet (IN),A,NoError,,1467949089
Jul  8 2016 03:48:26.006581000 UTC,276,172.16.0.200,1447514170417.5wfqtqnh3owrvn2ayiinues29qc9pb.volluto.com,0x00000001,1,0,volluto,1447514170417.5wfqtqnh3owrvn2ayiinues29qc9pb,44,4,4.544325652580697,0,0_10_2_1_2_5_1_0,7.982092422347831E-8,gti:Minimal:1::fb:UNKNOWN:-1,03,0,0,Internet (IN),A,NoError,,1467949706
Jul  8 2016 04:36:58.949531000 UTC,278,172.16.0.163,1447514170417.5wfqtqnh3owrvn2ayiinues29qc9pb.volluto.com,0x00000001,1,0,volluto,1447514170417.5wfqtqnh3owrvn2ayiinues29qc9pb,44,4,4.544325652580697,0,0_10_3_1_2_5_1_0,7.983116252829342E-8,gti:Minimal:1::fb:UNKNOWN:-1,04,0,0,Internet (IN),A,NoError,,1467952618
Jul  8 2016 05:18:07.645310000 UTC,297,172.16.0.172,stjhnbsu1kw-047055057182.dhcp-dynamic.fibreop.nb.bellaliant.net,0x00000001,1,0,bellaliant,stjhnbsu1kw-047055057182.dhcp-dynamic.fibreop.nb,48,6,4.714661719245796,1,1_10_4_1_4_5_1_0,7.998747964071713E-8,gti:Minimal:1::fb:UNKNOWN:-1,05,0,0,Internet (IN),A,NoError,,1467955087
Jul  8 2016 03:18:16.066528000 UTC,236,172.16.0.172,www.wildsound-filmmaking-feedback-events.com,0x00000001,1,0,wildsound-filmmaking-feedback-events,www,3,3,0.0,1,1_10_1_1_0_5_1_0,8.06003800228258E-8,gti:Minimal:1::fb:UNKNOWN:-1,03,0,0,Internet (IN),A,NoError,,1467947896
Jul  8 2016 08:14:10.086783000 UTC,232,172.16.0.175,www.sonomabedbreakfastinnwinecountry.com,0x00000001,1,0,sonomabedbreakfastinnwinecountry,www,3,3,0.0,0,0_6_9_1_0_5_1_0,9.145019677005696E-8,gti:Minimal:1::fb:UNKNOWN:-1,08,0,0,Internet (IN),A,NoError,,1467965650
Jul  8 2016 07:15:03.345810000 UTC,269,172.16.0.168,www.hasthelargehadroncolliderdestroyedtheworldyet.com,0x00000001,1,0,hasthelargehadroncolliderdestroyedtheworldyet,www,3,3,0.0,1,1_10_7_1_0_5_1_0,9.15366579430479E-8,gti:Minimal:1::fb:UNKNOWN:-1,07,0,0,Internet (IN),A,NoError,,1467962103
Jul  8 2016 05:31:57.953999000 UTC,242,172.16.0.189,www.wildsound-filmmaking-feedback-events.com,0x00000001,1,0,wildsound-filmmaking-feedback-events,www,3,3,0.0,1,1_10_4_1_0_5_1_0,9.153956843820727E-8,gti:Minimal:1::fb:UNKNOWN:-1,05,0,0,Internet (IN),A,NoError,,1467955917
Jul  8 2016 04:21:14.500657000 UTC,233,172.16.0.182,www.cheap-hotels-london-city-centre.co.uk,0x00000001,1,0,cheap-hotels-london-city-centre,www,3,4,0.0,0,0_6_3_1_0_5_1_0,9.156560251563147E-8,gti:Minimal:1::fb:UNKNOWN:-1,04,0,0,Internet (IN),A,NoError,,1467951674
Jul  8 2016 03:54:37.380495000 UTC,232,172.16.0.192,www.ancient-art-concrete-countertops.com,0x00000001,1,0,ancient-art-concrete-countertops,www,3,3,0.0,0,0_6_3_1_0_5_1_0,9.157640494826826E-8,gti:Minimal:1::fb:UNKNOWN:-1,03,0,0,Internet (IN),A,NoError,,1467950077
Jul  8 2016 04:22:10.913567000 UTC,232,172.16.0.192,www.adirondackperformanceengineering.com,0x00000001,1,0,adirondackperformanceengineering,www,3,3,0.0,0,0_6_3_1_0_5_1_0,9.157640494826826E-8,gti:Minimal:1::fb:UNKNOWN:-1,04,0,0,Internet (IN),A,NoError,,1467951730
Jul  8 2016 05:19:37.565729000 UTC,236,172.16.0.182,www.this-page-intentionally-left-blank.org,0x00000001,1,0,this-page-intentionally-left-blank,www,3,3,0.0,1,1_10_4_1_0_5_1_0,9.165205938261898E-8,gti:Minimal:1::fb:UNKNOWN:-1,05,0,0,Internet (IN),A,NoError,,1467955177
Jul  8 2016 05:19:06.492010000 UTC,278,172.16.0.179,1447514238698.5wfqtqnh3owrvn2ayiinues29qc9pb.volluto.com,0x00000001,1,0,volluto,1447514238698.5wfqtqnh3owrvn2ayiinues29qc9pb,44,4,4.646376220664176,0,0_10_4_1_3_5_1_0,9.165750940067982E-8,gti:Unverified:-1::fb:UNKNOWN:-1,05,0,0,Internet (IN),A,NoError,,1467955146
Jul  8 2016 04:38:10.303879000 UTC,271,172.16.0.196,www.hasthelargehadroncolliderdestroyedtheworldyet.com,0x00000001,1,0,hasthelargehadroncolliderdestroyedtheworldyet,www,3,3,0.0,1,1_10_3_1_0_5_1_0,9.175989166685057E-8,gti:Minimal:1::fb:UNKNOWN:-1,04,0,0,Internet (IN),A,NoError,,1467952690
Jul  8 2016 05:19:43.730706000 UTC,257,172.16.0.185,www.central-air-conditioner-and-refrigeration.com,0x00000001,1,0,central-air-conditioner-and-refrigeration,www,3,3,0.0,1,1_10_4_1_0_5_1_0,9.18187481810721E-8,gti:Minimal:1::fb:UNKNOWN:-1,05,0,0,Internet (IN),A,NoError,,1467955183
Jul  8 2016 05:31:44.397299000 UTC,276,172.16.0.197,1447514297607.5wfqtqnh3owrvn2ayiinues29qc9pb.volluto.com,0x00000001,1,0,volluto,1447514297607.5wfqtqnh3owrvn2ayiinues29qc9pb,44,4,4.629219686524097,0,0_10_4_1_3_5_1_0,9.188616104760734E-8,gti:Minimal:1::fb:UNKNOWN:-1,05,0,0,Internet (IN),A,NoError,,1467955904
Jul  8 2016 05:18:27.598370000 UTC,280,172.16.0.178,1447514126578.5wfqtqnh3owrvn2ayiinues29qc9pb.volluto.com,0x00000001,1,0,volluto,1447514126578.5wfqtqnh3owrvn2ayiinues29qc9pb,44,4,4.629219686524097,0,0_10_4_1_3_5_1_0,9.195572693822415E-8,gti:Minimal:1::fb:UNKNOWN:-1,05,0,0,Internet (IN),A,NoError,,1467955107
Jul  8 2016 03:52:32.465455000 UTC,236,172.16.0.187,www.this-page-intentionally-left-blank.org,0x00000001,1,0,this-page-intentionally-left-blank,www,3,3,0.0,1,1_10_3_1_0_5_1_0,9.201313185795095E-8,gti:Minimal:1::fb:UNKNOWN:-1,03,0,0,Internet (IN),A,NoError,,1467949952
Jul  8 2016 03:53:44.415203000 UTC,269,172.16.0.179,www.hasthelargehadroncolliderdestroyedtheworldyet.com,0x00000001,1,0,hasthelargehadroncolliderdestroyedtheworldyet,www,3,3,0.0,1,1_10_3_1_0_5_1_0,9.205920439596999E-8,gti:Minimal:1::fb:UNKNOWN:-1,03,0,0,Internet (IN),A,NoError,,1467950024
Jul  8 2016 05:05:07.248393000 UTC,276,172.16.0.187,1447514126578.5wfqtqnh3owrvn2ayiinues29qc9pb.volluto.com,0x00000001,1,0,volluto,1447514126578.5wfqtqnh3owrvn2ayiinues29qc9pb,44,4,4.629219686524097,0,0_10_4_1_3_5_1_0,9.209626349051834E-8,gti:Minimal:1::fb:UNKNOWN:-1,05,0,0,Internet (IN),A,NoError,,1467954307
Jul  8 2016 08:14:17.128930000 UTC,233,172.16.0.176,www.coloring-pages-book-for-kids-boys.com,0x00000001,1,0,coloring-pages-book-for-kids-boys,www,3,3,0.0,0,0_6_9_1_0_5_1_0,9.210908385718808E-8,gti:Unverified:-1::fb:UNKNOWN:-1,08,0,0,Internet (IN),A,NoError,,1467965657
Jul  8 2016 08:44:32.929173000 UTC,272,172.16.0.175,1447514297607.5wfqtqnh3owrvn2ayiinues29qc9pb.volluto.com,0x00000001,1,0,volluto,1447514297607.5wfqtqnh3owrvn2ayiinues29qc9pb,44,4,4.629219686524097,0,0_10_10_1_3_5_1_0,9.211930283670145E-8,gti:Minimal:1::fb:UNKNOWN:-1,08,0,0,Internet (IN),A,NoError,,1467967472
Jul  8 2016 07:11:16.638083000 UTC,255,172.16.0.201,www.central-air-conditioner-and-refrigeration.com,0x00000001,1,0,central-air-conditioner-and-refrigeration,www,3,3,0.0,1,1_10_7_1_0_5_1_0,9.222184704072915E-8,gti:Minimal:1::fb:UNKNOWN:-1,07,0,0,Internet (IN),A,NoError,,1467961876
Jul  8 2016 04:39:27.092674000 UTC,236,172.16.0.200,www.this-page-intentionally-left-blank.org,0x00000001,1,0,this-page-intentionally-left-blank,www,3,3,0.0,1,1_10_3_1_0_5_1_0,9.223158471367538E-8,gti:Minimal:1::fb:UNKNOWN:-1,04,0,0,Internet (IN),A,NoError,,1467952767
Jul  8 2016 08:48:14.253517000 UTC,278,172.16.0.189,1447514238698.5wfqtqnh3owrvn2ayiinues29qc9pb.volluto.com,0x00000001,1,0,volluto,1447514238698.5wfqtqnh3owrvn2ayiinues29qc9pb,44,4,4.646376220664176,0,0_10_10_1_3_5_1_0,9.223214735438299E-8,gti:Unverified:-1::fb:UNKNOWN:-1,08,0,0,Internet (IN),A,NoError,,1467967694
Jul  8 2016 07:12:48.007679000 UTC,257,172.16.0.178,www.central-air-conditioner-and-refrigeration.com,0x00000001,1,0,central-air-conditioner-and-refrigeration,www,3,3,0.0,1,1_10_7_1_0_5_1_0,9.228614335839555E-8,gti:Minimal:1::fb:UNKNOWN:-1,07,0,0,Internet (IN),A,NoError,,1467961968
Jul  8 2016 07:11:24.718365000 UTC,262,172.16.0.176,www.life-saving-naturalcures-and-naturalremedies.com,0x00000001,1,0,life-saving-naturalcures-and-naturalremedies,www,3,3,0.0,1,1_10_7_1_0_5_1_0,9.229756385490155E-8,gti:Minimal:1::fb:UNKNOWN:-1,07,0,0,Internet (IN),A,NoError,,1467961884
Jul  8 2016 08:10:40.495571000 UTC,232,172.16.0.170,www.sonomabedbreakfastinnwinecountry.com,0x00000001,1,0,sonomabedbreakfastinnwinecountry,www,3,3,0.0,0,0_6_9_1_0_5_1_0,9.232353651152998E-8,gti:Minimal:1::fb:UNKNOWN:-1,08,0,0,Internet (IN),A,NoError,,1467965440
Jul  8 2016 05:03:54.099534000 UTC,278,172.16.0.173,1447514238698.5wfqtqnh3owrvn2ayiinues29qc9pb.volluto.com,0x00000001,1,0,volluto,1447514238698.5wfqtqnh3owrvn2ayiinues29qc9pb,44,4,4.646376220664176,0,0_10_4_1_3_5_1_0,9.23358655081656E-8,gti:Unverified:-1::fb:UNKNOWN:-1,05,0,0,Internet (IN),A,NoError,,1467954234
Jul  8 2016 07:24:50.373744000 UTC,269,172.16.0.192,www.hasthelargehadroncolliderdestroyedtheworldyet.com,0x00000001,1,0,hasthelargehadroncolliderdestroyedtheworldyet,www,3,3,0.0,1,1_10_7_1_0_5_1_0,9.237810085529368E-8,gti:Minimal:1::fb:UNKNOWN:-1,07,0,0,Internet (IN),A,NoError,,1467962690
Jul  8 2016 09:02:32.011320000 UTC,276,172.16.0.191,1447514238698.5wfqtqnh3owrvn2ayiinues29qc9pb.volluto.com,0x00000001,1,0,volluto,1447514238698.5wfqtqnh3owrvn2ayiinues29qc9pb,44,4,4.646376220664176,0,0_10_10_1_3_5_1_0,9.241074542925292E-8,gti:Unverified:-1::fb:UNKNOWN:-1,09,0,0,Internet (IN),A,NoError,,1467968552
Jul  8 2016 08:35:59.587859000 UTC,278,172.16.0.191,1447514297607.5wfqtqnh3owrvn2ayiinues29qc9pb.volluto.com,0x00000001,1,0,volluto,1447514297607.5wfqtqnh3owrvn2ayiinues29qc9pb,44,4,4.629219686524097,0,0_10_10_1_3_5_1_0,9.241074542925292E-8,gti:Minimal:1::fb:UNKNOWN:-1,08,0,0,Internet (IN),A,NoError,,1467966959
Jul  8 2016 08:48:49.948288000 UTC,278,172.16.0.191,1447514126578.5wfqtqnh3owrvn2ayiinues29qc9pb.volluto.com,0x00000001,1,0,volluto,1447514126578.5wfqtqnh3owrvn2ayiinues29qc9pb,44,4,4.629219686524097,0,0_10_10_1_3_5_1_0,9.241074542925292E-8,gti:Minimal:1::fb:UNKNOWN:-1,08,0,0,Internet (IN),A,NoError,,1467967729
Jul  8 2016 03:51:17.406755000 UTC,266,172.16.0.202,www.life-saving-naturalcures-and-naturalremedies.com,0x00000001,1,0,life-saving-naturalcures-and-naturalremedies,www,3,3,0.0,1,1_10_3_1_0_5_1_0,9.243095489033467E-8,gti:Minimal:1::fb:UNKNOWN:-1,03,0,0,Internet (IN),A,NoError,,1467949877
Jul  8 2016 04:21:37.667104000 UTC,255,172.16.0.174,www.central-air-conditioner-and-refrigeration.com,0x00000001,1,0,central-air-conditioner-and-refrigeration,www,3,3,0.0,1,1_10_3_1_0_5_1_0,9.243422254053683E-8,gti:Minimal:1::fb:UNKNOWN:-1,04,0,0,Internet (IN),A,NoError,,1467951697
Jul  8 2016 04:20:38.629517000 UTC,255,172.16.0.174,www.central-air-conditioner-and-refrigeration.com,0x00000001,1,0,central-air-conditioner-and-refrigeration,www,3,3,0.0,1,1_10_3_1_0_5_1_0,9.243422254053683E-8,gti:Minimal:1::fb:UNKNOWN:-1,04,0,0,Internet (IN),A,NoError,,1467951638
Jul  8 2016 08:28:18.045587000 UTC,278,172.16.0.169,1447514238698.5wfqtqnh3owrvn2ayiinues29qc9pb.volluto.com,0x00000001,1,0,volluto,1447514238698.5wfqtqnh3owrvn2ayiinues29qc9pb,44,4,4.646376220664176,0,0_10_10_1_3_5_1_0,9.245681597550557E-8,gti:Unverified:-1::fb:UNKNOWN:-1,08,0,0,Internet (IN),A,NoError,,1467966498
Jul  8 2016 03:50:51.922825000 UTC,238,172.16.0.190,www.this-page-intentionally-left-blank.org,0x00000001,1,0,this-page-intentionally-left-blank,www,3,3,0.0,1,1_10_3_1_0_5_1_0,9.255125132309365E-8,gti:Minimal:1::fb:UNKNOWN:-1,03,0,0,Internet (IN),A,NoError,,1467949851
Jul  8 2016 07:15:13.966333000 UTC,262,172.16.0.167,www.life-saving-naturalcures-and-naturalremedies.com,0x00000001,1,0,life-saving-naturalcures-and-naturalremedies,www,3,3,0.0,1,1_10_7_1_0_5_1_0,9.256866646028744E-8,gti:Minimal:1::fb:UNKNOWN:-1,07,0,0,Internet (IN),A,NoError,,1467962113
Jul  8 2016 06:59:49.554311000 UTC,268,172.16.0.167,www.life-saving-naturalcures-and-naturalremedies.com,0x00000001,1,0,life-saving-naturalcures-and-naturalremedies,www,3,3,0.0,1,1_10_7_1_0_5_1_0,9.256866646028744E-8,gti:Minimal:1::fb:UNKNOWN:-1,06,0,0,Internet (IN),A,NoError,,1467961189
Jul  8 2016 05:18:07.342490000 UTC,269,172.16.0.197,www.hasthelargehadroncolliderdestroyedtheworldyet.com,0x00000001,1,0,hasthelargehadroncolliderdestroyedtheworldyet,www,3,3,0.0,1,1_10_4_1_0_5_1_0,9.260008866367847E-8,gti:Minimal:1::fb:UNKNOWN:-1,05,0,0,Internet (IN),A,NoError,,1467955087
Jul  8 2016 05:03:02.980011000 UTC,276,172.16.0.176,1447514126578.5wfqtqnh3owrvn2ayiinues29qc9pb.volluto.com,0x00000001,1,0,volluto,1447514126578.5wfqtqnh3owrvn2ayiinues29qc9pb,44,4,4.629219686524097,0,0_10_4_1_3_5_1_0,9.270604974126299E-8,gti:Minimal:1::fb:UNKNOWN:-1,05,0,0,Internet (IN),A,NoError,,1467954182
Jul  8 2016 05:20:31.900204000 UTC,236,172.16.0.175,www.this-page-intentionally-left-blank.org,0x00000001,1,0,this-page-intentionally-left-blank,www,3,3,0.0,1,1_10_4_1_0_5_1_0,9.270745775207748E-8,gti:Minimal:1::fb:UNKNOWN:-1,05,0,0,Internet (IN),A,NoError,,1467955231
Jul  8 2016 08:36:12.068455000 UTC,276,172.16.0.186,1447514238698.5wfqtqnh3owrvn2ayiinues29qc9pb.volluto.com,0x00000001,1,0,volluto,1447514238698.5wfqtqnh3owrvn2ayiinues29qc9pb,44,4,4.646376220664176,0,0_10_10_1_3_5_1_0,9.287752494841605E-8,gti:Unverified:-1::fb:UNKNOWN:-1,08,0,0,Internet (IN),A,NoError,,1467966972
Jul  8 2016 05:05:51.353495000 UTC,276,172.16.0.177,1447514297607.5wfqtqnh3owrvn2ayiinues29qc9pb.volluto.com,0x00000001,1,0,volluto,1447514297607.5wfqtqnh3owrvn2ayiinues29qc9pb,44,4,4.629219686524097,0,0_10_4_1_3_5_1_0,9.294850180576983E-8,gti:Minimal:1::fb:UNKNOWN:-1,05,0,0,Internet (IN),A,NoError,,1467954351
Jul  8 2016 08:08:39.146243000 UTC,232,172.16.0.174,www.ancient-art-concrete-countertops.com,0x00000001,1,0,ancient-art-concrete-countertops,www,3,3,0.0,0,0_6_9_1_0_5_1_0,9.299698253594123E-8,gti:Minimal:1::fb:UNKNOWN:-1,08,0,0,Internet (IN),A,NoError,,1467965319
Jul  8 2016 08:08:26.547766000 UTC,233,172.16.0.174,www.southernlivinginspiredcommunities.com,0x00000001,1,0,southernlivinginspiredcommunities,www,3,3,0.0,0,0_6_9_1_0_5_1_0,9.299698253594123E-8,gti:Minimal:1::fb:UNKNOWN:-1,08,0,0,Internet (IN),A,NoError,,1467965306
Jul  8 2016 05:19:37.285952000 UTC,264,172.16.0.174,www.life-saving-naturalcures-and-naturalremedies.com,0x00000001,1,0,life-saving-naturalcures-and-naturalremedies,www,3,3,0.0,1,1_10_4_1_0_5_1_0,9.30294374195466E-8,gti:Minimal:1::fb:UNKNOWN:-1,05,0,0,Internet (IN),A,NoError,,1467955177
Jul  8 2016 05:04:40.120485000 UTC,238,172.16.0.174,www.this-page-intentionally-left-blank.org,0x00000001,1,0,this-page-intentionally-left-blank,www,3,3,0.0,1,1_10_4_1_0_5_1_0,9.30294374195466E-8,gti:Minimal:1::fb:UNKNOWN:-1,05,0,0,Internet (IN),A,NoError,,1467954280
Jul  8 2016 04:20:40.326574000 UTC,233,172.16.0.168,www.wholesalechristianlouboutinonline.com,0x00000001,1,0,wholesalechristianlouboutinonline,www,3,3,0.0,0,0_6_3_1_0_5_1_0,9.309760525130316E-8,gti:Minimal:1::fb:UNKNOWN:-1,04,0,0,Internet (IN),A,NoError,,1467951640
Jul  8 2016 03:52:24.632503000 UTC,233,172.16.0.168,www.coloring-pages-book-for-kids-boys.com,0x00000001,1,0,coloring-pages-book-for-kids-boys,www,3,3,0.0,0,0_6_3_1_0_5_1_0,9.309760525130316E-8,gti:Unverified:-1::fb:UNKNOWN:-1,03,0,0,Internet (IN),A,NoError,,1467949944
Jul  8 2016 03:51:31.028972000 UTC,233,172.16.0.197,www.wholesalechristianlouboutinonline.com,0x00000001,1,0,wholesalechristianlouboutinonline,www,3,3,0.0,0,0_6_3_1_0_5_1_0,9.315964909943086E-8,gti:Minimal:1::fb:UNKNOWN:-1,03,0,0,Internet (IN),A,NoError,,1467949891
Jul  8 2016 08:13:06.809230000 UTC,232,172.16.0.169,www.theorthopedicclinicassociationmd.com,0x00000001,1,0,theorthopedicclinicassociationmd,www,3,3,0.0,0,0_6_9_1_0_5_1_0,9.3199931428072E-8,gti:Unverified:-1::fb:UNKNOWN:-1,08,0,0,Internet (IN),A,NoError,,1467965586
Jul  8 2016 08:10:32.065036000 UTC,233,172.16.0.195,www.transformingnetworkinfrastructure.com,0x00000001,1,0,transformingnetworkinfrastructure,www,3,3,0.0,0,0_6_9_1_0_5_1_0,9.325805210465758E-8,gti:Minimal:1::fb:UNKNOWN:-1,08,0,0,Internet (IN),A,NoError,,1467965432
Jul  8 2016 05:06:12.573361000 UTC,257,172.16.0.200,www.central-air-conditioner-and-refrigeration.com,0x00000001,1,0,central-air-conditioner-and-refrigeration,www,3,3,0.0,1,1_10_4_1_0_5_1_0,9.395814104996938E-8,gti:Minimal:1::fb:UNKNOWN:-1,05,0,0,Internet (IN),A,NoError,,1467954372
Jul  8 2016 07:26:23.894247000 UTC,236,172.16.0.172,www.this-page-intentionally-left-blank.org,0x00000001,1,0,this-page-intentionally-left-blank,www,3,3,0.0,1,1_10_8_1_0_5_1_0,1.0411159712794476E-7,gti:Minimal:1::fb:UNKNOWN:-1,07,0,0,Internet (IN),A,NoError,,1467962783
Jul  8 2016 06:18:32.249846000 UTC,318,172.16.0.190,4lam9a1ki27mb9p1h5q3furvvf58ss02-a-gm-opensocial.googleusercontent.com,0x00000001,1,0,googleusercontent,4lam9a1ki27mb9p1h5q3furvvf58ss02-a-gm-opensocial,48,3,4.704448698502608,1,1_10_6_1_4_5_1_0,1.0448456914494695E-7,gti:Minimal:1::fb:UNKNOWN:-1,06,0,0,Internet (IN),A,NoError,,1467958712
Jul  8 2016 08:29:04.549521000 UTC,236,172.16.0.199,www.this-page-intentionally-left-blank.org,0x00000001,1,0,this-page-intentionally-left-blank,www,3,3,0.0,1,1_10_10_1_0_5_1_0,1.045217047928169E-7,gti:Minimal:1::fb:UNKNOWN:-1,08,0,0,Internet (IN),A,NoError,,1467966544
Jul  8 2016 07:57:48.058333000 UTC,314,172.16.0.172,4lam9a1ki27mb9p1h5q3furvvf58ss02-a-gm-opensocial.googleusercontent.com,0x00000001,1,0,googleusercontent,4lam9a1ki27mb9p1h5q3furvvf58ss02-a-gm-opensocial,48,3,4.704448698502608,1,1_10_8_1_4_5_1_0,1.0468650482739666E-7,gti:Minimal:1::fb:UNKNOWN:-1,07,0,0,Internet (IN),A,NoError,,1467964668
Jul  8 2016 06:20:47.094776000 UTC,299,172.16.0.200,stjhnf0157w-142162030026.dhcp-dynamic.fibreop.nl.bellaliant.net,0x00000001,1,0,bellaliant,stjhnf0157w-142162030026.dhcp-dynamic.fibreop.nl,48,6,4.688721875540868,1,1_10_6_1_4_5_1_0,1.047103937234446E-7,gti:Minimal:1::fb:UNKNOWN:-1,06,0,0,Internet (IN),A,NoError,,1467958847
Jul  8 2016 07:11:24.430406000 UTC,276,172.16.0.189,1447514126578.5wfqtqnh3owrvn2ayiinues29qc9pb.volluto.com,0x00000001,1,0,volluto,1447514126578.5wfqtqnh3owrvn2ayiinues29qc9pb,44,4,4.629219686524097,0,0_10_7_1_3_5_1_0,1.0472740455611409E-7,gti:Minimal:1::fb:UNKNOWN:-1,07,0,0,Internet (IN),A,NoError,,1467961884
Jul  8 2016 07:24:59.948040000 UTC,280,172.16.0.182,1447514126578.5wfqtqnh3owrvn2ayiinues29qc9pb.volluto.com,0x00000001,1,0,volluto,1447514126578.5wfqtqnh3owrvn2ayiinues29qc9pb,44,4,4.629219686524097,0,0_10_7_1_3_5_1_0,1.0483344590407638E-7,gti:Minimal:1::fb:UNKNOWN:-1,07,0,0,Internet (IN),A,NoError,,1467962699
Jul  8 2016 07:28:39.433566000 UTC,269,172.16.0.186,www.hasthelargehadroncolliderdestroyedtheworldyet.com,0x00000001,1,0,hasthelargehadroncolliderdestroyedtheworldyet,www,3,3,0.0,1,1_10_8_1_0_5_1_0,1.0490256452619771E-7,gti:Minimal:1::fb:UNKNOWN:-1,07,0,0,Internet (IN),A,NoError,,1467962919
Jul  8 2016 06:58:03.256607000 UTC,301,172.16.0.163,stjhnbsu1kw-047054242230.dhcp-dynamic.fibreop.nb.bellaliant.net,0x00000001,1,0,bellaliant,stjhnbsu1kw-047054242230.dhcp-dynamic.fibreop.nb,48,6,4.698934896284057,1,1_10_6_1_4_5_1_0,1.0497827908744502E-7,gti:Minimal:1::fb:UNKNOWN:-1,06,0,0,Internet (IN),A,NoError,,1467961083
