sev,tstart,srcIP,dstIP,sport,dport,proto,flag,ipkt,ibyt,lda_score,rank,srcIpInternal,destIpInternal,srcGeo,dstGeo,srcDomain,dstDomain,srcIP_rep,dstIP_rep
0,2016-07-08 0:31,172.30.0.46,10.0.0.183,52234,119,UDP,??,213454,13452,0.000000021,0,1,0,"California, USA; San Jose",Switzerland; Zurich,defender.com,www.uzh.ch,gti:Low:1,gti:Medium:2
0,2016-07-08 17:16,10.13.77.49,172.10.0.40,47131,80,TCP,??,206,3,0.000000149,1,0,1,CountryD;CityA,Texas;Richardson Laurie Hatfield DBA,countryd.citya.com,sbcglobal.net,gti:Low:1,
0,2016-07-08 14:56,10.13.77.49,172.10.0.3,35579,25,TCP,??,112,2,0.000000149,2,0,1,CountryD;CityA,California;San Diego Gregory Hout Attorney at Law,countryd.citya.com,sbcglobal.net,gti:Low:1,
0,2016-07-08 15:10,10.70.68.127,172.30.0.4,6395,80,TCP,??,278,5,0.00000015,3,0,1,CountryN;CityA,-;- Private IP Address LAN,countryn.citya.com,-,gti:Low:1,
0,2016-07-08 15:09,10.70.68.127,172.30.0.4,55759,80,TCP,??,297,5,0.00000015,4,0,1,CountryN;CityA,-;- Private IP Address LAN,countryn.citya.com,-,gti:Low:1,
0,2016-07-08 17:16,10.13.77.49,172.10.0.40,61783,80,TCP,??,148,2,0.000000151,5,0,1,CountryD;CityA,Texas;Richardson Laurie Hatfield DBA,countryd.citya.com,sbcglobal.net,gti:Low:1,
0,2016-07-08 15:16,10.13.77.49,172.10.0.2,0,0,ICMP,??,354,2,0.000000151,6,0,1,CountryD;CityA,California;San Diego Gregory Hout Attorney at Law,countryd.citya.com,sbcglobal.net,gti:Low:1,
0,2016-07-08 15:16,10.13.77.49,172.20.0.3,46032,25,TCP,??,496,8,0.000000151,7,0,1,CountryD;CityA,-;- Private IP Address LAN,countryd.citya.com,-,gti:Low:1,
0,2016-07-08 0:45,172.30.0.70,10.0.4.16,0,3840,ICMP,??,1,1,0.000000151,8,1,0,"California, USA; Santa Clara","New York, USA; Queens",defender.com,"Trans-Ural Telecom, Inc",,gti:Low:1
0,2016-07-08 16:00,172.30.0.70,10.0.5.25,0,3840,ICMP,??,1,1,0.000000151,9,1,0,"Califonia, USA; San jose","New York, USA; Queens",defender.com,"Trans-Ural Telecom, Inc",,gti:Low:1
0,2016-07-08 12:57,10.200.20.2,172.30.0.4,3247,80,TCP,??,286,5,0.000000172,10,0,1,CountryI;CityA,-;- Private IP Address LAN,countryI.citya.com,-,gti:Low:1,
0,2016-07-08 16:21,10.138.235.111,172.10.0.40,61471,80,TCP,??,148,2,0.000000175,11,0,1,CountryE;CityB,Texas;Richardson Laurie Hatfield DBA,countrye.cityb.com,sbcglobal.net,gti:Low:1,
0,2016-07-08 7:51,10.138.235.111,172.30.0.3,57672,25,TCP,??,224,4,0.000000175,12,0,1,CountryE;CityB,-;- Private IP Address LAN,countrye.cityb.com,-,gti:Low:1,
0,2016-07-08 12:19,10.138.235.111,172.30.0.4,10906,80,TCP,??,243,4,0.000000175,13,0,1,CountryE;CityB,-;- Private IP Address LAN,countrye.cityb.com,-,gti:Low:1,
0,2016-07-08 17:53,10.138.235.111,172.30.0.3,57363,25,TCP,??,286,5,0.000000175,14,0,1,CountryE;CityB,-;- Private IP Address LAN,countrye.cityb.com,-,gti:Low:1,
0,2016-07-08 7:51,10.138.235.111,172.30.0.2,60574,3389,TCP,??,260,4,0.000000175,15,0,1,CountryE;CityB,-;- Private IP Address LAN,countrye.cityb.com,-,gti:Low:1,
0,2016-07-08 7:51,10.138.235.111,172.30.0.3,60586,25,TCP,??,240,4,0.000000175,16,0,1,CountryE;CityB,-;- Private IP Address LAN,countrye.cityb.com,-,gti:Low:1,
0,2016-07-08 16:21,10.138.235.111,172.10.0.40,61466,3389,TCP,??,240,4,0.000000175,17,0,1,CountryE;CityB,Texas;Richardson Laurie Hatfield DBA,countrye.cityb.com,sbcglobal.net,gti:Low:1,
0,2016-07-08 7:51,10.138.235.111,172.30.0.3,57673,80,TCP,??,296,5,0.000000175,18,0,1,CountryE;CityB,-;- Private IP Address LAN,countrye.cityb.com,-,gti:Low:1,
0,2016-07-08 7:44,10.78.100.150,172.20.0.4,12182,80,TCP,??,413,4,0.000000179,19,0,1,CountryN;CityU,-;- Private IP Address LAN,countryn.cityu.com,-,gti:Low:1,
0,2016-07-08 14:47,10.13.77.49,172.30.0.4,7493,80,TCP,??,278,5,0.000000188,20,0,1,CountryD;CityA,-;- Private IP Address LAN,countryd.citya.com,-,gti:Low:1,
0,2016-07-08 7:51,10.138.235.111,172.30.0.3,57682,25,TCP,??,356,6,0.000000218,21,0,1,CountryE;CityB,-;- Private IP Address LAN,countrye.cityb.com,-,gti:Low:1,
0,2016-07-08 22:57,123.151.42.61,192.56.55.89,12200,81,TCP,?.S.,1,90,2.23E-07,22,0,1,Tianjin;Tianjin ChinaNet Tianjin Province Network,California;Folsom Intel Corporation,chinatelecom.com.cn,intel.com,gti:High:3,
0,2016-07-08 18:58,123.151.42.61,192.32.54.78,12200,81,TCP,?.S.,1,90,2.24E-07,23,0,1,Tianjin;Tianjin ChinaNet Tianjin Province Network,California;Folsom Intel Corporation,chinatelecom.com.cn,intel.com,gti:High:3,
0,2016-07-08 19:01,123.151.42.61,134.123.139.04,12207,808,TCP,?.S.,1,90,2.26E-07,24,0,1,Tianjin;Tianjin ChinaNet Tianjin Province Network,Oregon;Hillsboro Intel Corporation,chinatelecom.com.cn,intel.com,gti:High:3,
0,2016-07-08 18:39,123.151.42.61,134.223.137.23,12207,808,TCP,?.S.,1,90,2.27E-07,25,0,1,Tianjin;Tianjin ChinaNet Tianjin Province Network,Oregon;Hillsboro Intel Corporation,chinatelecom.com.cn,intel.com,gti:High:3,
0,2016-07-08 22:28,123.151.42.61,192.255.60.134,12204,808,TCP,?.S.,1,90,2.30E-07,26,0,1,Tianjin;Tianjin ChinaNet Tianjin Province Network,California;Folsom Intel Corporation,chinatelecom.com.cn,intel.com,gti:High:3,
0,2016-07-08 14:54,10.138.235.111,172.30.0.4,20843,80,TCP,??,224,4,0.000000238,27,0,1,CountryE;CityB,-;- Private IP Address LAN,countrye.cityb.com,-,gti:Low:1,
0,2016-07-08 14:39,10.13.77.49,172.10.0.4,42391,80,TCP,??,289,5,0.000000244,28,0,1,CountryD;CityA,California;San Diego Gregory Hout Attorney at Law,countryd.citya.com,sbcglobal.net,gti:Low:1,
0,2016-07-08 14:54,10.138.235.111,172.30.0.4,17339,80,TCP,??,297,5,0.000000276,29,0,1,CountryE;CityB,-;- Private IP Address LAN,countrye.cityb.com,-,gti:Low:1,
0,2016-07-08 15:36,10.13.77.49,172.10.0.40,35823,3389,TCP,??,240,4,0.000000279,30,0,1,CountryD;CityA,Texas;Richardson Laurie Hatfield DBA,countryd.citya.com,sbcglobal.net,gti:Low:1,
0,2016-07-08 12:23,10.10.11.102,172.20.0.4,21630,80,TCP,??,297,5,0.000000287,31,0,1,CountryB;CityA,-;- Private IP Address LAN,countryb.citya.com,-,gti:Medium:2,
0,2016-07-08 12:23,10.10.11.102,172.20.0.4,21632,80,TCP,??,297,5,0.000000287,32,0,1,CountryC;CityA,-;- Private IP Address LAN,countryc.citya.com,-,gti:Medium:2,
0,2016-07-08 17:16,10.13.77.49,172.10.0.40,47126,3389,TCP,??,240,4,0.000000308,33,0,1,CountryD;CityA,Texas;Richardson Laurie Hatfield DBA,countryd.citya.com,sbcglobal.net,gti:Low:1,
0,2016-07-08 17:16,10.13.77.49,172.10.0.40,61778,3389,TCP,??,240,4,0.000000308,34,0,1,CountryD;CityA,Texas;Richardson Laurie Hatfield DBA,countryd.citya.com,sbcglobal.net,gti:Low:1,
0,2016-07-08 15:16,10.13.77.49,172.20.0.15,59267,3389,TCP,??,260,4,0.000000308,35,0,1,CountryD;CityA,-;- Private IP Address LAN,countryd.citya.com,-,gti:Low:1,
0,2016-07-08 15:16,10.13.77.49,172.20.0.5,59267,3389,TCP,??,260,4,0.000000308,36,0,1,CountryD;CityA,-;- Private IP Address LAN,countryd.citya.com,-,gti:Low:1,
0,2016-07-08 10:24,10.17.15.10,172.10.0.3,26352,25,TCP,??,356,6,0.000000339,37,0,1,CountryG;CityA,California;San Diego Gregory Hout Attorney at Law,countryg.citya.com,sbcglobal.net,gti:Medium:2,
0,2016-07-08 10:34,10.17.15.10,172.10.0.40,40809,3389,TCP,??,240,4,0.000000339,38,0,1,CountryG;CityA,Texas;Richardson Laurie Hatfield DBA,countryg.citya.com,sbcglobal.net,gti:Medium:2,
0,2016-07-08 10:24,10.17.15.10,172.10.0.3,40710,25,TCP,??,240,4,0.000000339,39,0,1,CountryG;CityA,California;San Diego Gregory Hout Attorney at Law,countryg.citya.com,sbcglobal.net,gti:Medium:2,
0,2016-07-08 10:23,10.17.15.10,172.10.0.3,26337,25,TCP,??,224,4,0.000000339,40,0,1,CountryG;CityA,California;San Diego Gregory Hout Attorney at Law,countryg.citya.com,sbcglobal.net,gti:Medium:2,
0,2016-07-08 10:34,10.17.15.10,172.10.0.40,40814,80,TCP,??,148,2,0.000000339,41,0,1,CountryG;CityA,Texas;Richardson Laurie Hatfield DBA,countryg.citya.com,sbcglobal.net,gti:Medium:2,
0,2016-07-08 10:23,10.17.15.10,172.10.0.3,26338,80,TCP,??,296,5,0.000000339,42,0,1,CountryG;CityA,California;San Diego Gregory Hout Attorney at Law,countryg.citya.com,sbcglobal.net,gti:Medium:2,
0,2016-07-08 5:44,10.12.15.152,172.10.0.3,38915,25,TCP,??,356,6,0.000000349,43,0,1,CountryC;CityB,California;San Diego Gregory Hout Attorney at Law,countryc.cityb.com,sbcglobal.net,gti:High:3,
0,2016-07-08 22:31,10.12.15.152,172.10.0.3,39110,25,TCP,??,356,6,0.000000349,44,0,1,CountryC;CityB,California;San Diego Gregory Hout Attorney at Law,countryc.cityb.com,sbcglobal.net,gti:High:3,
0,2016-07-08 5:44,10.12.15.152,172.10.0.3,38901,80,TCP,??,296,5,0.000000349,45,0,1,CountryC;CityB,California;San Diego Gregory Hout Attorney at Law,countryc.cityb.com,sbcglobal.net,gti:High:3,
0,2016-07-08 22:30,10.12.15.152,172.10.0.3,39095,25,TCP,??,224,4,0.000000349,46,0,1,CountryC;CityB,California;San Diego Gregory Hout Attorney at Law,countryc.cityb.com,sbcglobal.net,gti:High:3,
0,2016-07-08 5:44,10.12.15.152,172.10.0.3,49327,25,TCP,??,112,2,0.000000349,47,0,1,CountryC;CityB,California;San Diego Gregory Hout Attorney at Law,countryc.cityb.com,sbcglobal.net,gti:High:3,
0,2016-07-08 5:56,10.12.15.152,172.10.0.40,37818,80,TCP,??,148,2,0.000000349,48,0,1,CountryC;CityB,Texas;Richardson Laurie Hatfield DBA,countryc.cityb.com,sbcglobal.net,gti:High:3,
0,2016-07-08 10:35,10.12.15.152,172.10.0.3,37551,25,TCP,??,112,2,0.000000349,49,0,1,CountryC;CityB,California;San Diego Gregory Hout Attorney at Law,countryc.cityb.com,sbcglobal.net,gti:High:3,
0,2016-07-08 11:09,10.12.15.152,172.20.0.3,58150,25,TCP,??,112,2,0.000000349,50,0,1,CountryC;CityB,-;- Private IP Address LAN,countryc.cityb.com,-,gti:High:3,
0,2016-07-08 5:56,10.12.15.152,172.10.0.40,37813,3389,TCP,??,240,4,0.000000349,51,0,1,CountryC;CityB,Texas;Richardson Laurie Hatfield DBA,countryc.cityb.com,sbcglobal.net,gti:High:3,
0,2016-07-08 22:43,10.12.15.152,172.10.0.40,49578,3389,TCP,??,240,4,0.000000349,52,0,1,CountryC;CityB,Texas;Richardson Laurie Hatfield DBA,countryc.cityb.com,sbcglobal.net,gti:High:3,
0,2016-07-08 22:31,10.12.15.152,172.10.0.3,49466,25,TCP,??,240,4,0.000000349,53,0,1,CountryC;CityB,California;San Diego Gregory Hout Attorney at Law,countryc.cityb.com,sbcglobal.net,gti:High:3,
0,2016-07-08 5:44,10.12.15.152,172.10.0.3,37621,25,TCP,??,240,4,0.000000349,54,0,1,CountryC;CityB,California;San Diego Gregory Hout Attorney at Law,countryc.cityb.com,sbcglobal.net,gti:High:3,
0,2016-07-08 5:44,10.12.15.152,172.10.0.3,38900,25,TCP,??,224,4,0.000000349,55,0,1,CountryC;CityB,California;San Diego Gregory Hout Attorney at Law,countryc.cityb.com,sbcglobal.net,gti:High:3,
0,2016-07-08 22:43,10.12.15.152,172.10.0.40,49583,80,TCP,??,148,2,0.000000349,56,0,1,CountryC;CityB,Texas;Richardson Laurie Hatfield DBA,countryc.cityb.com,sbcglobal.net,gti:High:3,
0,2016-07-08 12:07,10.12.15.152,172.10.0.5,37811,3389,TCP,??,112,2,0.000000349,57,0,1,CountryC;CityB,California;San Diego Gregory Hout Attorney at Law,countryc.cityb.com,sbcglobal.net,gti:High:3,
0,2016-07-08 22:31,10.12.15.152,172.10.0.2,0,0,ICMP,??,354,2,0.000000349,58,0,1,CountryC;CityB,California;San Diego Gregory Hout Attorney at Law,countryc.cityb.com,sbcglobal.net,gti:High:3,
0,2016-07-08 22:31,10.12.15.152,172.10.0.3,39096,80,TCP,??,296,5,0.000000349,59,0,1,CountryC;CityB,California;San Diego Gregory Hout Attorney at Law,countryc.cityb.com,sbcglobal.net,gti:High:3,
0,2016-07-08 21:18,10.6.6.7,172.20.0.2,0,0,ICMP,??,354,2,0.000000352,60,0,1,CountryM;CityA,-;- Private IP Address LAN,countrym.citya.com,-,gti:Medium:2,
0,2016-07-08 21:18,10.6.6.7,172.20.0.3,36931,25,TCP,??,224,4,0.000000352,61,0,1,CountryM;CityA,-;- Private IP Address LAN,countrym.citya.com,-,gti:Medium:2,
0,2016-07-08 21:18,10.6.6.7,172.20.0.3,52254,25,TCP,??,240,4,0.000000352,62,0,1,CountryM;CityA,-;- Private IP Address LAN,countrym.citya.com,-,gti:Medium:2,
0,2016-07-08 21:18,10.6.6.7,172.20.0.5,36935,3389,TCP,??,235,4,0.000000352,63,0,1,CountryM;CityA,-;- Private IP Address LAN,countrym.citya.com,-,gti:Medium:2,
0,2016-07-08 16:36,10.6.6.7,172.30.0.2,41573,3389,TCP,??,190,3,0.000000352,64,0,1,CountryM;CityA,-;- Private IP Address LAN,countrym.citya.com,-,gti:Medium:2,
0,2016-07-08 21:18,10.6.6.7,172.20.0.3,36932,80,TCP,??,296,5,0.000000352,65,0,1,CountryM;CityA,-;- Private IP Address LAN,countrym.citya.com,-,gti:Medium:2,
0,2016-07-08 21:19,10.6.6.7,172.20.0.3,36959,25,TCP,??,356,6,0.000000352,66,0,1,CountryM;CityA,-;- Private IP Address LAN,countrym.citya.com,-,gti:Medium:2,
0,2016-07-08 14:31,10.38.217.48,172.10.0.4,5552,80,TCP,??,289,5,0.000000364,67,0,1,CountryK:CityA,California;San Diego Gregory Hout Attorney at Law,countryk.citya.com,sbcglobal.net,gti:Low:1,
0,2016-07-08 12:01,10.78.100.150,172.10.0.4,29933,80,TCP,??,289,5,0.000000366,68,0,1,CountryN;CityU,California;San Diego Gregory Hout Attorney at Law,countryn.cityu.com,sbcglobal.net,gti:Low:1,
0,2016-07-08 15:02,10.78.100.150,172.10.0.4,42726,80,TCP,??,181,3,0.000000377,69,0,1,CountryN;CityU,California;San Diego Gregory Hout Attorney at Law,countryn.cityu.com,sbcglobal.net,gti:Low:1,
0,2016-07-08 12:08,10.247.106.27,172.20.0.4,17675,80,TCP,??,224,4,0.000000378,70,0,1,CountryJ;CityA,-;- Private IP Address LAN,countryj.citya.com,-,gti:High:3,
0,2016-07-08 12:29,10.200.20.2,172.30.0.4,1192,80,TCP,??,278,5,0.0000004,71,0,1,CountryI;CityA,-;- Private IP Address LAN,countryI.citya.com,-,gti:Low:1,
0,2016-07-08 12:29,10.200.20.2,172.30.0.4,1193,80,TCP,??,278,5,0.0000004,72,0,1,CountryI;CityA,-;- Private IP Address LAN,countryI.citya.com,-,gti:Low:1,
0,2016-07-08 12:44,10.138.214.18,172.20.0.15,48367,80,TCP,??,289,5,0.000000408,73,0,1,CountryE;CityA,-;- Private IP Address LAN,countrye.citya.com,-,gti:Low:1,
0,2016-07-08 15:33,10.12.15.152,172.10.0.2,47373,3389,TCP,??,260,4,0.000000413,74,0,1,CountryC;CityB,California;San Diego Gregory Hout Attorney at Law,countryc.cityb.com,sbcglobal.net,gti:High:3,
0,2016-07-08 11:59,10.12.14.15,172.10.0.4,55796,80,TCP,??,351,6,0.000000416,75,0,1,CountryC;CityA,California;San Diego Gregory Hout Attorney at Law,countryc.citya.com,sbcglobal.net,gti:Medium:2,
0,2016-07-08 12:23,10.170.32.181,172.20.0.4,38610,80,TCP,??,289,5,0.000000437,76,0,1,CountryH;CityA,-;- Private IP Address LAN,countryh.citya.com,-,gti:Low:1,
0,2016-07-08 12:23,10.170.32.181,172.20.0.4,38609,80,TCP,??,289,5,0.000000437,77,0,1,CountryH;CityA,-;- Private IP Address LAN,countryh.citya.com,-,gti:Low:1,
0,2016-07-08 14:00,172.30.0.70,10.0.6.36,0,3840,ICMP,??,1,1,0.000000444,78,1,0,"California, USA; San jose","New York, USA; Staten Island",defender.com,"Trans-Ural Telecom, Inc",,gti:High:3
0,2016-07-08 14:39,10.13.77.49,172.10.0.4,42390,80,TCP,??,289,5,0.000000444,79,0,1,CountryD;CityA,California;San Diego Gregory Hout Attorney at Law,countryd.citya.com,sbcglobal.net,gti:Low:1,
0,2016-07-08 14:39,10.13.77.49,172.10.0.4,42392,80,TCP,??,289,5,0.000000444,80,0,1,CountryD;CityA,California;San Diego Gregory Hout Attorney at Law,countryd.citya.com,sbcglobal.net,gti:Low:1,
0,2016-07-08 14:39,10.13.77.49,172.10.0.4,42393,80,TCP,??,289,5,0.000000444,81,0,1,CountryD;CityA,California;San Diego Gregory Hout Attorney at Law,countryd.citya.com,sbcglobal.net,gti:Low:1,
0,2016-07-08 15:10,10.70.68.127,172.30.0.4,6396,80,TCP,??,278,5,0.000000445,82,0,1,CountryN;CityA,-;- Private IP Address LAN,countryn.citya.com,-,gti:Low:1,
0,2016-07-08 1:00,172.30.0.70,10.0.5.25,0,3840,ICMP,??,1,1,0.000000449,83,1,0,"California, USA; Santa Clara","New York, USA; Staten Island",defender.com,"Trans-Ural Telecom, Inc",,gti:Low:1
0,2016-07-08 1:00,172.30.0.70,10.0.4.16,0,3840,ICMP,??,1,1,0.000000453,84,1,0,"California, USA; San jose","New York, USA; Brooklyn",defender.com,"Trans-Ural Telecom, Inc",,gti:Low:1
0,2016-07-08 1:00,172.30.0.70,10.0.6.36,0,3840,ICMP,??,1,1,0.000000453,85,1,0,"California, USA; Santa Clara","New York, USA; Staten Island",defender.com,"Trans-Ural Telecom, Inc",,gti:High:3
0,2016-07-08 4:00,172.30.0.70,10.0.6.36,0,3840,ICMP,??,1,1,0.000000457,86,1,0,"California, USA; Santa Clara","New York, USA; Staten Island",defender.com,"Trans-Ural Telecom, Inc",,gti:High:3
0,2016-07-08 15:12,10.15.7.85,172.30.0.4,55207,80,TCP,??,278,5,0.000000462,87,0,1,CountryF;CityA,-;- Private IP Address LAN,countryf.citya.com,-,gti:Low:1,
0,2016-07-08 11:59,10.38.217.48,172.10.0.4,1292,80,TCP,??,289,5,0.000000473,88,0,1,CountryK:CityA,California;San Diego Gregory Hout Attorney at Law,countryk.citya.com,sbcglobal.net,gti:Low:1,
0,2016-07-08 15:05,10.13.77.49,172.20.0.3,41139,25,TCP,??,112,2,0.000000483,89,0,1,CountryD;CityA,-;- Private IP Address LAN,countryd.citya.com,-,gti:Low:1,
0,2016-07-08 15:06,10.13.77.49,172.20.0.3,46072,25,TCP,??,112,2,0.000000483,90,0,1,CountryD;CityA,-;- Private IP Address LAN,countryd.citya.com,-,gti:Low:1,
0,2016-07-08 15:04,10.13.77.49,172.20.0.3,41121,25,TCP,??,112,2,0.000000483,91,0,1,CountryD;CityA,-;- Private IP Address LAN,countryd.citya.com,-,gti:Low:1,
0,2016-07-08 13:00,172.30.0.70,10.0.6.36,0,3840,ICMP,??,1,1,0.000000499,92,1,0,"California, USA; Pleasanton","New York, USA; Long Island",defender.com,"Trans-Ural Telecom, Inc",,gti:High:3
0,2016-07-08 3:50,172.30.0.70,10.0.5.25,0,3840,ICMP,??,1,1,0.0000005,93,1,0,"California, USA; Santa Clara","New York, USA; Staten Island",defender.com,"Trans-Ural Telecom, Inc",,gti:Low:1
0,2016-07-08 12:07,10.78.100.150,172.10.0.4,14532,80,TCP,??,224,4,0.000000512,94,0,1,CountryN;CityU,California;San Diego Gregory Hout Attorney at Law,countryn.cityu.com,sbcglobal.net,gti:Low:1,
0,2016-07-08 15:33,10.12.14.15,172.20.0.3,5067,80,TCP,??,296,5,0.000000517,95,0,1,CountryC;CityA,-;- Private IP Address LAN,countryc.citya.com,-,gti:Medium:2,
0,2016-07-08 7:51,10.138.235.111,172.30.0.7,57680,80,TCP,??,296,5,0.000000518,96,0,1,CountryE;CityB,-;- Private IP Address LAN,countrye.cityb.com,-,gti:Low:1,
0,2016-07-08 7:51,10.138.235.111,172.30.0.6,57678,80,TCP,??,296,5,0.000000518,97,0,1,CountryE;CityB,-;- Private IP Address LAN,countrye.cityb.com,-,gti:Low:1,
0,2016-07-08 7:51,10.138.235.111,172.30.0.5,57676,80,TCP,??,296,5,0.000000518,98,0,1,CountryE;CityB,-;- Private IP Address LAN,countrye.cityb.com,-,gti:Low:1,
0,2016-07-08 5:10,172.30.0.70,10.0.6.36,0,3840,ICMP,??,1,1,0.000000532,99,1,0,"California, USA; Santa Clara","New York, USA; Long Island",defender.com,"Trans-Ural Telecom, Inc",,gti:High:3
0,2016-07-08 14:29,10.247.106.27,172.20.0.4,26341,80,TCP,??,467,8,0.000000532,100,0,1,CountryJ;CityA,-;- Private IP Address LAN,countryj.citya.com,-,gti:High:3,
0,2016-07-08 5:00,172.30.0.70,10.0.5.25,0,3840,ICMP,??,1,1,0.000000543,101,1,0,"California, USA; Pleasanton","New York, USA; Long Island",defender.com,"Trans-Ural Telecom, Inc",,gti:Low:1
0,2016-07-08 3:15,172.30.0.70,10.0.6.36,0,3840,ICMP,??,1,1,0.000000543,102,1,0,"California, USA; Santa Clara","New York, USA; Long Island",defender.com,"Trans-Ural Telecom, Inc",,gti:High:3
0,2016-07-08 6:00,172.30.0.70,10.0.6.36,0,3840,ICMP,??,1,1,0.000000552,103,1,0,"California, USA; Pleasanton","New York, USA; Long Island",defender.com,"Trans-Ural Telecom, Inc",,gti:High:3
0,2016-07-08 12:01,10.78.100.150,172.10.0.4,29827,80,TCP,??,243,4,0.000000552,104,0,1,CountryN;CityU,California;San Diego Gregory Hout Attorney at Law,countryn.cityu.com,sbcglobal.net,gti:Low:1,
0,2016-07-08 12:01,10.78.100.150,172.10.0.4,29828,80,TCP,??,243,4,0.000000552,105,0,1,CountryN;CityU,California;San Diego Gregory Hout Attorney at Law,countryn.cityu.com,sbcglobal.net,gti:Low:1,
0,2016-07-08 12:01,10.78.100.150,172.10.0.4,29829,80,TCP,??,243,4,0.000000552,106,0,1,CountryN;CityU,California;San Diego Gregory Hout Attorney at Law,countryn.cityu.com,sbcglobal.net,gti:Low:1,
0,2016-07-08 15:02,10.138.214.18,172.20.0.15,46389,80,TCP,??,289,5,0.000000558,107,0,1,CountryE;CityA,-;- Private IP Address LAN,countrye.citya.com,-,gti:Low:1,
0,2016-07-08 16:14,10.138.235.111,172.10.0.2,61436,3389,TCP,??,260,4,0.000000566,108,0,1,CountryE;CityB,California;San Diego Gregory Hout Attorney at Law,countrye.cityb.com,sbcglobal.net,gti:Low:1,
0,2016-07-08 3:00,172.30.0.70,10.0.5.25,0,3840,ICMP,??,1,1,0.000000567,109,1,0,"California, USA; San jose","New York, USA; Long Island",defender.com,"Trans-Ural Telecom, Inc",,gti:Low:1
0,2016-07-08 13:00,172.30.0.70,10.0.4.16,0,3840,ICMP,??,1,1,0.000000567,110,1,0,"California, USA; Pleasanton","New York, USA; Staten Island",defender.com,"Trans-Ural Telecom, Inc",,gti:Low:1
0,2016-07-08 11:58,10.57.81.245,172.30.0.4,16791,80,TCP,??,418,4,0.000000569,111,0,1,CountryL;CityZ,-;- Private IP Address LAN,countryl.cityz.com,-,gti:Low:1,
0,2016-07-08 12:09,172.10.2.66,10.0.0.6,26028,80,TCP,??,337,3,0.000000575,112,1,0,Texas;Richardson Purolator International,CountryA;CityA2,sbcglobal.net,countrya.citya2.com,,gti:Low:1
0,2016-07-08 13:27,172.10.2.106,10.0.0.6,11937,80,TCP,??,345,3,0.000000576,113,1,0,Texas;Richardson Sunline Energy Inc,CountryA;CityA2,sbcglobal.net,countrya.citya2.com,,gti:Low:1
0,2016-07-08 7:11,172.20.1.81,10.0.3.77,3275,22,TCP,??,186,3,0.000000576,114,1,0,-;- Private IP Address LAN,CountryA;CityB,-,countrya.cityb.com,,gti:Low:1
0,2016-07-08 1:41,172.30.1.218,10.0.3.77,18325,22,TCP,??,186,3,0.000000577,115,1,0,-;- Private IP Address LAN,CountryA;CityB,-,countrya.cityb.com,,gti:Low:1
0,2016-07-08 14:47,172.30.1.218,10.0.0.7,26194,80,TCP,??,399,4,0.000000577,116,1,0,-;- Private IP Address LAN,CountryA;CityA7,-,countrya.citya7.com,,gti:Low:1
0,2016-07-08 12:08,10.170.32.181,172.20.0.4,49169,80,TCP,??,224,4,0.000000595,117,0,1,CountryH;CityA,-;- Private IP Address LAN,countryh.citya.com,-,gti:Low:1,
0,2016-07-08 12:08,10.170.32.181,172.20.0.4,49145,80,TCP,??,224,4,0.000000595,118,0,1,CountryH;CityA,-;- Private IP Address LAN,countryh.citya.com,-,gti:Low:1,
0,2016-07-08 12:08,10.170.32.181,172.20.0.4,49168,80,TCP,??,224,4,0.000000595,119,0,1,CountryH;CityA,-;- Private IP Address LAN,countryh.citya.com,-,gti:Low:1,
0,2016-07-08 15:33,10.12.14.15,172.20.0.3,5066,25,TCP,??,224,4,0.000000597,120,0,1,CountryC;CityA,-;- Private IP Address LAN,countryc.citya.com,-,gti:Medium:2,
0,2016-07-08 15:34,10.12.14.15,172.20.0.3,51636,25,TCP,??,240,4,0.000000597,121,0,1,CountryC;CityA,-;- Private IP Address LAN,countryc.citya.com,-,gti:Medium:2,
0,2016-07-08 15:34,10.12.14.15,172.20.0.3,5094,25,TCP,??,356,6,0.000000599,122,0,1,CountryC;CityA,-;- Private IP Address LAN,countryc.citya.com,-,gti:Medium:2,
0,2016-07-08 2:00,172.30.0.70,10.0.5.25,0,3840,ICMP,??,1,1,0.0000006,123,1,0,"California, USA; San jose","New York, USA; Queens",defender.com,"Trans-Ural Telecom, Inc",,gti:Low:1
0,2016-07-08 1:45,172.30.0.70,10.0.4.16,0,3840,ICMP,??,1,1,0.0000006,124,1,0,"California, USA; San jose","New York, USA; Staten Island",defender.com,"Trans-Ural Telecom, Inc",,gti:Low:1
0,2016-07-08 12:18,10.57.84.113,172.30.0.4,21123,80,TCP,??,368,3,0.000000602,125,0,1,CountryL;CityF,-;- Private IP Address LAN,countryl.cityf.com,-,gti:Low:1,
0,2016-07-08 17:04,10.13.77.49,172.10.0.2,46953,3389,TCP,??,296,4,0.000000629,126,0,1,CountryD;CityA,California;San Diego Gregory Hout Attorney at Law,countryd.citya.com,sbcglobal.net,gti:Low:1,
0,2016-07-08 17:04,10.13.77.49,172.10.0.2,46946,3389,TCP,??,296,4,0.000000629,127,0,1,CountryD;CityA,California;San Diego Gregory Hout Attorney at Law,countryd.citya.com,sbcglobal.net,gti:Low:1,
0,2016-07-08 14:35,10.17.15.10,172.20.0.15,2402,80,TCP,??,297,5,0.000000629,128,0,1,CountryG;CityA,-;- Private IP Address LAN,countryg.citya.com,-,gti:Medium:2,
0,2016-07-08 23:01,172.30.0.46,10.0.0.75,52234,119,UDP,??,233234,22334,0.000000632,129,1,0,"California, USA; San Jose",Switzerland; Zurich,defender.com,www.uzh.ch,gti:Low:1,gti:Medium:2
0,2016-07-08 0:00,172.30.0.70,10.0.4.16,0,3840,ICMP,??,1,1,0.000000632,130,1,0,"California, USA; San jose","New York, USA; Staten Island",defender.com,"Trans-Ural Telecom, Inc",,gti:Low:1
0,2016-07-08 2:00,172.30.0.70,10.0.4.16,0,3840,ICMP,??,1,1,0.000000632,131,1,0,"California, USA; Santa Clara","New York, USA; Staten Island",defender.com,"Trans-Ural Telecom, Inc",,gti:Low:1
0,2016-07-08 12:00,172.30.0.70,10.0.6.36,0,3840,ICMP,??,1,1,0.000000632,132,1,0,"California, USA; Pleasanton","New York, USA; Brooklyn",defender.com,"Trans-Ural Telecom, Inc",,gti:High:3
0,2016-07-08 15:00,172.30.0.70,10.0.5.25,0,3840,ICMP,??,1,1,0.000000632,133,1,0,"California, USA; Pleasanton","New York, USA; Staten Island",defender.com,"Trans-Ural Telecom, Inc",,gti:Low:1
0,2016-07-08 0:30,172.30.0.70,10.0.4.16,0,3840,ICMP,??,1,1,0.000000632,134,1,0,"California, USA; San jose","New York, USA; Queens",defender.com,"Trans-Ural Telecom, Inc",,gti:Low:1
0,2016-07-08 12:16,172.10.0.40,10.7.5.5,2811,21,TCP,??,124,2,0.000000632,135,1,0,Texas;Richardson Laurie Hatfield DBA,CountryN;CityA,sbcglobal.net,countryn.citya.com,,gti:Low:1
0,2016-07-08 12:15,172.10.0.40,10.199.250.2,2777,21,TCP,??,1449,23,0.000000632,136,1,0,Texas;Richardson Laurie Hatfield DBA,CountryH;CityZ,sbcglobal.net,countryh.cityz.com,,gti:High:3
0,2016-07-08 4:20,172.30.0.70,10.0.5.25,0,3840,ICMP,??,1,1,0.000000639,137,1,0,"California, USA; Santa Clara","New York, USA; Queens",defender.com,"Trans-Ural Telecom, Inc",,gti:Low:1
0,2016-07-08 15:16,10.13.77.49,172.20.0.15,46038,3389,TCP,??,148,2,0.000000647,138,0,1,CountryD;CityA,-;- Private IP Address LAN,countryd.citya.com,-,gti:Low:1,
0,2016-07-08 15:16,10.13.77.49,172.20.0.5,46038,3389,TCP,??,148,2,0.000000647,139,0,1,CountryD;CityA,-;- Private IP Address LAN,countryd.citya.com,-,gti:Low:1,
0,2016-07-08 15:01,10.13.77.49,172.20.0.15,41010,3389,TCP,??,112,2,0.000000647,140,0,1,CountryD;CityA,-;- Private IP Address LAN,countryd.citya.com,-,gti:Low:1,
0,2016-07-08 6:55,172.10.0.3,10.3.1.25,33941,25,TCP,??,194,3,0.000000653,141,1,0,California;San Diego Gregory Hout Attorney at Law,CountryK:CityA,sbcglobal.net,countryk.citya.com,,gti:Low:1
0,2016-07-08 0:01,172.30.0.46,10.0.0.126,52234,119,UDP,??,284561,13313,0.000000654,142,1,0,"California, USA; San Jose",Switzerland; Zurich,defender.com,www.uzh.ch,gti:Low:1,gti:Medium:2
0,2016-07-08 14:00,172.30.0.70,10.0.4.16,0,3840,ICMP,??,1,1,0.000000662,143,1,0,"California, USA; Pleasanton","New York, USA; brooklyn",defender.com,"Trans-Ural Telecom, Inc",,gti:Low:1
0,2016-07-08 11:58,10.12.14.15,172.10.0.4,45147,80,TCP,??,235,4,0.000000679,144,0,1,CountryC;CityA,California;San Diego Gregory Hout Attorney at Law,countryc.citya.com,sbcglobal.net,gti:Medium:2,
0,2016-07-08 11:58,10.12.14.15,172.10.0.4,45148,80,TCP,??,235,4,0.000000679,145,0,1,CountryC;CityA,California;San Diego Gregory Hout Attorney at Law,countryc.citya.com,sbcglobal.net,gti:Medium:2,
0,2016-07-08 15:02,10.138.235.111,172.10.0.2,61426,3389,TCP,??,112,2,0.00000069,146,0,1,CountryE;CityB,California;San Diego Gregory Hout Attorney at Law,countrye.cityb.com,sbcglobal.net,gti:Low:1,
0,2016-07-08 7:51,10.138.235.111,172.30.0.7,60586,80,TCP,??,240,4,0.000000692,147,0,1,CountryE;CityB,-;- Private IP Address LAN,countrye.cityb.com,-,gti:Low:1,
0,2016-07-08 7:51,10.138.235.111,172.30.0.6,60586,80,TCP,??,240,4,0.000000692,148,0,1,CountryE;CityB,-;- Private IP Address LAN,countrye.cityb.com,-,gti:Low:1,
0,2016-07-08 7:51,10.138.235.111,172.30.0.5,60586,80,TCP,??,240,4,0.000000692,149,0,1,CountryE;CityB,-;- Private IP Address LAN,countrye.cityb.com,-,gti:Low:1,
0,2016-07-08 7:51,10.138.235.111,172.30.0.4,60586,80,TCP,??,240,4,0.000000692,150,0,1,CountryE;CityB,-;- Private IP Address LAN,countrye.cityb.com,-,gti:Low:1,
0,2016-07-08 17:06,10.138.235.111,172.20.0.2,38209,3389,TCP,??,260,4,0.000000693,151,0,1,CountryE;CityB,-;- Private IP Address LAN,countrye.cityb.com,-,gti:Low:1,
0,2016-07-08 17:53,10.138.235.111,172.30.0.2,40569,3389,TCP,??,260,4,0.000000693,152,0,1,CountryE;CityB,-;- Private IP Address LAN,countrye.cityb.com,-,gti:Low:1,
0,2016-07-08 15:34,10.12.14.15,172.20.0.2,51637,3389,TCP,??,296,4,0.000000699,153,0,1,CountryC;CityA,-;- Private IP Address LAN,countryc.citya.com,-,gti:Medium:2,
0,2016-07-08 15:34,10.12.14.15,172.20.0.2,51630,3389,TCP,??,296,4,0.000000699,154,0,1,CountryC;CityA,-;- Private IP Address LAN,countryc.citya.com,-,gti:Medium:2,
0,2016-07-08 0:46,10.40.164.25,172.30.0.6,26246,80,TCP,??,394,4,0.000000702,155,0,1,CountryL;CityA,-;- Private IP Address LAN,countryl.citya.com,-,gti:Low:1,
0,2016-07-08 7:22,10.62.15.101,172.20.0.3,6830,25,TCP,??,62,1,0.000000707,156,0,1,CountryM;CityW,-;- Private IP Address LAN,countrym.cityw.com,-,gti:Low:1,
0,2016-07-08 1:39,10.83.101.25,172.20.0.6,42456,80,TCP,??,394,4,0.000000715,157,0,1,CountryO;CityA,-;- Private IP Address LAN,countryo.citya.com,-,gti:Low:1,
0,2016-07-08 12:02,10.12.14.15,172.10.0.4,11814,80,TCP,??,286,5,0.000000724,158,0,1,CountryC;CityA,California;San Diego Gregory Hout Attorney at Law,countryc.citya.com,sbcglobal.net,gti:Medium:2,
0,2016-07-08 15:01,10.0.0.42,172.30.0.4,50597,80,TCP,??,181,3,0.000000732,159,0,1,CountryA;CityA,-;- Private IP Address LAN,countrya.citya.com,-,gti:High:3,
0,2016-07-08 23:22,10.0.3.77,172.20.0.3,20157,25,TCP,??,170,3,0.000000733,160,0,1,CountryA;CityB,-;- Private IP Address LAN,countrya.cityb.com,-,gti:Medium:2,
0,2016-07-08 11:21,172.10.0.9,10.138.235.111,80,61641,TCP,??,58,1,0.000000747,161,1,0,Texas;Richardson LA Jolla Baking Co,CountryE;CityB,sbcglobal.net,countrye.cityb.com,,gti:Low:1
0,2016-07-08 6:01,172.10.0.9,10.17.15.10,80,40719,TCP,??,58,1,0.000000747,162,1,0,Texas;Richardson LA Jolla Baking Co,CountryG;CityA,sbcglobal.net,countryg.citya.com,,gti:Medium:2
0,2016-07-08 11:38,172.30.0.6,10.12.15.152,80,60988,TCP,??,58,1,0.000000747,163,1,0,-;- Private IP Address LAN,CountryA;CityB2,-,countrya.cityb2.com,,gti:Medium:2
0,2016-07-08 11:42,172.30.0.7,10.12.15.152,80,60908,TCP,??,58,1,0.000000747,164,1,0,-;- Private IP Address LAN,CountryA;CityB3,-,countrya.cityb3.com,,gti:Medium:2
0,2016-07-08 12:32,172.10.0.8,10.13.77.49,3389,61918,TCP,??,54,1,0.000000749,165,1,0,Texas;Richardson LA Jolla Baking Co,CountryH;CityZ,sbcglobal.net,countryh.cityz.com,,gti:Low:1
0,2016-07-08 8:35,172.30.1.226,10.0.0.7,54308,80,TCP,??,704585,13033,0.000000751,166,1,0,-;- Private IP Address LAN,CountryA;CityA8,-,countrya.citya8.com,,gti:Low:1
0,2016-07-08 15:01,10.138.235.111,172.30.0.4,13464,80,TCP,??,181,3,0.000000764,167,0,1,CountryE;CityB,-;- Private IP Address LAN,countrye.cityb.com,-,gti:Low:1,
0,2016-07-08 15:01,10.138.235.111,172.30.0.4,13465,80,TCP,??,181,3,0.000000764,168,0,1,CountryE;CityB,-;- Private IP Address LAN,countrye.cityb.com,-,gti:Low:1,
0,2016-07-08 8:45,172.10.0.50,172.255.255.255,137,137,UDP,??,368,4,0.000000772,169,1,1,Texas;Richardson Scott L Brown,Arizona;Phoenix Nobis Technology Group LLC,sbcglobal.net,nobistech.net,,
0,2016-07-08 9:31,172.10.0.50,172.255.255.255,138,138,UDP,??,1871,8,0.000000772,170,1,1,Texas;Richardson Scott L Brown,Arizona;Phoenix Nobis Technology Group LLC,sbcglobal.net,nobistech.net,,
0,2016-07-08 7:05,172.10.0.50,172.255.255.255,137,137,UDP,??,368,4,0.000000772,171,1,1,Texas;Richardson Scott L Brown,Arizona;Phoenix Nobis Technology Group LLC,sbcglobal.net,nobistech.net,,
0,2016-07-08 9:30,172.10.0.50,172.255.255.255,137,137,UDP,??,368,4,0.000000772,172,1,1,Texas;Richardson Scott L Brown,Arizona;Phoenix Nobis Technology Group LLC,sbcglobal.net,nobistech.net,,
0,2016-07-08 17:03,10.13.77.49,172.10.0.3,21673,25,TCP,??,224,4,0.000000773,173,0,1,CountryD;CityA,California;San Diego Gregory Hout Attorney at Law,countryd.citya.com,sbcglobal.net,gti:Low:1,
0,2016-07-08 17:04,10.13.77.49,172.10.0.3,35732,25,TCP,??,224,4,0.000000773,174,0,1,CountryD;CityA,California;San Diego Gregory Hout Attorney at Law,countryd.citya.com,sbcglobal.net,gti:Low:1,
0,2016-07-08 8:40,172.30.1.18,10.0.0.10,1932,80,TCP,??,224,4,0.000000774,175,1,0,-;- Private IP Address LAN,CountryA;CityA4,-,countrya.citya4.com,,gti:Low:1
0,2016-07-08 15:45,10.12.15.152,172.10.0.40,47436,3389,TCP,??,240,4,0.000000775,176,0,1,CountryC;CityB,Texas;Richardson Laurie Hatfield DBA,countryc.cityb.com,sbcglobal.net,gti:High:3,
0,2016-07-08 6:48,172.10.1.23,10.0.0.12,5572,80,TCP,??,170,3,0.000000775,177,1,0,Texas;Richardson Royce Business Services,CountryA;CityA1,sbcglobal.net,countrya.citya1.com,,gti:Low:1
0,2016-07-08 9:02,172.10.2.115,10.0.0.5,12899,80,TCP,??,321,3,0.000000775,178,1,0,Texas;Richardson Laaco Ltd C O Prop MGT,CountryA;CityA3,sbcglobal.net,countrya.citya3.com,,gti:Low:1
0,2016-07-08 11:53,172.10.0.3,224.0.0.252,63251,5355,TCP,??,128,2,0.000000776,179,1,0,California;San Diego Gregory Hout Attorney at Law,-;- Multicast,sbcglobal.net,-,,
0,2016-07-08 7:29,172.10.1.103,10.199.250.2,3213,47074,TCP,??,1574,29,0.000000776,180,1,0,Texas;Richardson Wilfred Baltazar JR,CountryH;CityZ,sbcglobal.net,countryh.cityz.com,,gti:High:3
0,2016-07-08 7:40,172.10.1.103,10.199.250.2,1276,47354,TCP,??,764,14,0.000000776,181,1,0,Texas;Richardson Wilfred Baltazar JR,CountryH;CityZ,sbcglobal.net,countryh.cityz.com,,gti:High:3
0,2016-07-08 7:33,172.10.1.103,10.199.250.2,1248,47200,TCP,??,764,14,0.000000776,182,1,0,Texas;Richardson Wilfred Baltazar JR,CountryH;CityZ,sbcglobal.net,countryh.cityz.com,,gti:High:3
0,2016-07-08 7:36,172.10.1.103,10.199.250.2,3339,47283,TCP,??,1574,29,0.000000776,183,1,0,Texas;Richardson Wilfred Baltazar JR,CountryH;CityZ,sbcglobal.net,countryh.cityz.com,,gti:High:3
0,2016-07-08 7:29,172.10.1.105,10.199.250.2,3375,47089,TCP,??,764,14,0.000000776,184,1,0,Texas;Richardson Benifitsources Insurance Servi,CountryH;CityZ,sbcglobal.net,countryh.cityz.com,,gti:High:3
0,2016-07-08 7:33,172.10.1.105,10.199.250.2,1395,47204,TCP,??,2168,40,0.000000776,185,1,0,Texas;Richardson Benifitsources Insurance Servi,CountryH;CityZ,sbcglobal.net,countryh.cityz.com,,gti:High:3
0,2016-07-08 7:40,172.10.1.105,10.199.250.2,1700,47378,TCP,??,1628,30,0.000000776,186,1,0,Texas;Richardson Benifitsources Insurance Servi,CountryH;CityZ,sbcglobal.net,countryh.cityz.com,,gti:High:3
0,2016-07-08 7:32,172.10.1.110,10.199.250.2,4747,47174,TCP,??,926,17,0.000000776,187,1,0,Texas;Richardson Benifitsources Insurance Servi,CountryH;CityZ,sbcglobal.net,countryh.cityz.com,,gti:High:3
0,2016-07-08 7:41,172.10.1.110,10.199.250.2,2117,47389,TCP,??,764,14,0.000000776,188,1,0,Texas;Richardson Benifitsources Insurance Servi,CountryH;CityZ,sbcglobal.net,countryh.cityz.com,,gti:High:3
0,2016-07-08 7:36,172.10.1.110,10.199.250.2,3074,47271,TCP,??,764,14,0.000000776,189,1,0,Texas;Richardson Benifitsources Insurance Servi,CountryH;CityZ,sbcglobal.net,countryh.cityz.com,,gti:High:3
0,2016-07-08 7:29,172.10.1.119,10.199.250.2,3171,47070,TCP,??,1574,29,0.000000776,190,1,0,Texas;Richardson Travel University,CountryH;CityZ,sbcglobal.net,countryh.cityz.com,,gti:High:3
0,2016-07-08 7:32,172.10.1.119,10.199.250.2,4980,47188,TCP,??,764,14,0.000000776,191,1,0,Texas;Richardson Travel University,CountryH;CityZ,sbcglobal.net,countryh.cityz.com,,gti:High:3
0,2016-07-08 7:45,172.10.1.119,10.199.250.2,4090,47449,TCP,??,286,5,0.000000776,192,1,0,Texas;Richardson Travel University,CountryH;CityZ,sbcglobal.net,countryh.cityz.com,,gti:High:3
0,2016-07-08 7:29,172.10.1.141,10.199.250.2,3096,47049,TCP,??,3032,56,0.000000776,193,1,0,Texas;Richardson Irvine Company,CountryH;CityZ,irvinecompany.com,countryh.cityz.com,,gti:High:3
0,2016-07-08 7:36,172.10.1.141,10.199.250.2,2433,47239,TCP,??,2330,43,0.000000776,194,1,0,Texas;Richardson Irvine Company,CountryH;CityZ,irvinecompany.com,countryh.cityz.com,,gti:High:3
0,2016-07-08 7:32,172.10.1.141,10.199.250.2,3844,47133,TCP,??,2060,38,0.000000776,195,1,0,Texas;Richardson Irvine Company,CountryH;CityZ,irvinecompany.com,countryh.cityz.com,,gti:High:3
0,2016-07-08 7:36,172.10.1.147,10.199.250.2,2981,47265,TCP,??,1628,30,0.000000776,196,1,0,Texas;Richardson Karen Misra,CountryH;CityZ,sbcglobal.net,countryh.cityz.com,,gti:High:3
0,2016-07-08 7:32,172.10.1.147,10.199.250.2,4424,47158,TCP,??,764,14,0.000000776,197,1,0,Texas;Richardson Karen Misra,CountryH;CityZ,sbcglobal.net,countryh.cityz.com,,gti:High:3
0,2016-07-08 7:29,172.10.1.167,10.199.250.2,3166,47068,TCP,??,1574,29,0.000000776,198,1,0,Texas;Richardson 1-800-Taxicab Inc,CountryH;CityZ,sbcglobal.net,countryh.cityz.com,,gti:High:3
0,2016-07-08 7:32,172.10.1.167,10.199.250.2,5000,47191,TCP,??,2438,45,0.000000776,199,1,0,Texas;Richardson 1-800-Taxicab Inc,CountryH;CityZ,sbcglobal.net,countryh.cityz.com,,gti:High:3
0,2016-07-08 7:41,172.10.1.167,10.199.250.2,2880,47408,TCP,??,764,14,0.000000776,200,1,0,Texas;Richardson 1-800-Taxicab Inc,CountryH;CityZ,sbcglobal.net,countryh.cityz.com,,gti:High:3
0,2016-07-08 7:36,172.10.1.173,10.199.250.2,2741,47255,TCP,??,764,14,0.000000776,201,1,0,Texas;Richardson Wholesome Choice Pet Market,CountryH;CityZ,sbcglobal.net,countryh.cityz.com,,gti:High:3
0,2016-07-08 7:43,172.10.1.173,10.199.250.2,2639,47425,TCP,??,2396,42,0.000000776,202,1,0,Texas;Richardson Wholesome Choice Pet Market,CountryH;CityZ,sbcglobal.net,countryh.cityz.com,,gti:High:3
0,2016-07-08 7:40,172.10.1.173,10.199.250.2,4797,47340,TCP,??,1574,29,0.000000776,203,1,0,Texas;Richardson Wholesome Choice Pet Market,CountryH;CityZ,sbcglobal.net,countryh.cityz.com,,gti:High:3
0,2016-07-08 7:29,172.10.1.179,10.199.250.2,2869,47029,TCP,??,764,14,0.000000776,204,1,0,Texas;Richardson Wholesome Choice Pet Market,CountryH;CityZ,sbcglobal.net,countryh.cityz.com,,gti:High:3
0,2016-07-08 7:32,172.10.1.179,10.199.250.2,3433,47123,TCP,??,1574,29,0.000000776,205,1,0,Texas;Richardson Wholesome Choice Pet Market,CountryH;CityZ,sbcglobal.net,countryh.cityz.com,,gti:High:3
0,2016-07-08 7:35,172.10.1.179,10.199.250.2,1720,47217,TCP,??,2762,51,0.000000776,206,1,0,Texas;Richardson Wholesome Choice Pet Market,CountryH;CityZ,sbcglobal.net,countryh.cityz.com,,gti:High:3
0,2016-07-08 8:43,172.20.2.11,10.0.0.13,4556,80,TCP,??,170,3,0.000000776,207,1,0,-;- Private IP Address LAN,CountryA;CityA6,-,countrya.citya6.com,,gti:Low:1
0,2016-07-08 7:32,172.10.1.101,10.199.250.2,4833,47178,TCP,??,3086,57,0.000000777,208,1,0,Texas;Richardson Wilfred Baltazar JR,CountryH;CityZ,sbcglobal.net,countryh.cityz.com,,gti:High:3
0,2016-07-08 7:29,172.10.1.101,10.199.250.2,3365,47087,TCP,??,764,14,0.000000777,209,1,0,Texas;Richardson Wilfred Baltazar JR,CountryH;CityZ,sbcglobal.net,countryh.cityz.com,,gti:High:3
0,2016-07-08 7:36,172.10.1.101,10.199.250.2,3265,47279,TCP,??,764,14,0.000000777,210,1,0,Texas;Richardson Wilfred Baltazar JR,CountryH;CityZ,sbcglobal.net,countryh.cityz.com,,gti:High:3
0,2016-07-08 7:40,172.10.1.101,10.199.250.2,1501,47366,TCP,??,1574,29,0.000000777,211,1,0,Texas;Richardson Wilfred Baltazar JR,CountryH;CityZ,sbcglobal.net,countryh.cityz.com,,gti:High:3
0,2016-07-08 7:46,172.10.1.101,10.199.250.2,3798,47443,TCP,??,2336,42,0.000000777,212,1,0,Texas;Richardson Wilfred Baltazar JR,CountryH;CityZ,sbcglobal.net,countryh.cityz.com,,gti:High:3
0,2016-07-08 7:32,172.10.1.102,10.199.250.2,4787,47176,TCP,??,764,14,0.000000777,213,1,0,Texas;Richardson Wilfred Baltazar JR,CountryH;CityZ,sbcglobal.net,countryh.cityz.com,,gti:High:3
0,2016-07-08 7:41,172.10.1.102,10.199.250.2,2180,47392,TCP,??,764,14,0.000000777,214,1,0,Texas;Richardson Wilfred Baltazar JR,CountryH;CityZ,sbcglobal.net,countryh.cityz.com,,gti:High:3
0,2016-07-08 7:36,172.10.1.114,10.199.250.2,2531,47244,TCP,??,2006,37,0.000000777,215,1,0,Texas;Richardson Travel University,CountryH;CityZ,sbcglobal.net,countryh.cityz.com,,gti:High:3
0,2016-07-08 7:32,172.10.1.114,10.199.250.2,4428,47159,TCP,??,2330,43,0.000000777,216,1,0,Texas;Richardson Travel University,CountryH;CityZ,sbcglobal.net,countryh.cityz.com,,gti:High:3
0,2016-07-08 7:29,172.10.1.114,10.199.250.2,2963,47039,TCP,??,2438,45,0.000000777,217,1,0,Texas;Richardson Travel University,CountryH;CityZ,sbcglobal.net,countryh.cityz.com,,gti:High:3
0,2016-07-08 7:37,172.10.1.124,10.199.250.2,3727,47300,TCP,??,1574,29,0.000000777,218,1,0,Texas;Richardson Noonan Family Swim School,CountryH;CityZ,sbcglobal.net,countryh.cityz.com,,gti:High:3
0,2016-07-08 7:41,172.10.1.124,10.199.250.2,2161,47390,TCP,??,3086,57,0.000000777,219,1,0,Texas;Richardson Noonan Family Swim School,CountryH;CityZ,sbcglobal.net,countryh.cityz.com,,gti:High:3
0,2016-07-08 7:29,172.10.1.124,10.199.250.2,3542,47104,TCP,??,1574,29,0.000000777,220,1,0,Texas;Richardson Noonan Family Swim School,CountryH;CityZ,sbcglobal.net,countryh.cityz.com,,gti:High:3
0,2016-07-08 7:33,172.10.1.124,10.199.250.2,1173,47197,TCP,??,1736,32,0.000000777,221,1,0,Texas;Richardson Noonan Family Swim School,CountryH;CityZ,sbcglobal.net,countryh.cityz.com,,gti:High:3
0,2016-07-08 7:32,172.10.1.125,10.199.250.2,1079,47193,TCP,??,2168,40,0.000000777,222,1,0,Texas;Richardson Noonan Family Swim School,CountryH;CityZ,sbcglobal.net,countryh.cityz.com,,gti:High:3
0,2016-07-08 7:41,172.10.1.125,10.199.250.2,2718,47402,TCP,??,1898,35,0.000000777,223,1,0,Texas;Richardson Noonan Family Swim School,CountryH;CityZ,sbcglobal.net,countryh.cityz.com,,gti:High:3
0,2016-07-08 7:29,172.10.1.125,10.199.250.2,3145,47059,TCP,??,1574,29,0.000000777,224,1,0,Texas;Richardson Noonan Family Swim School,CountryH;CityZ,sbcglobal.net,countryh.cityz.com,,gti:High:3
0,2016-07-08 7:29,172.10.1.127,10.199.250.2,2944,47037,TCP,??,2438,45,0.000000777,225,1,0,Texas;Richardson Noonan Family Swim School,CountryH;CityZ,sbcglobal.net,countryh.cityz.com,,gti:High:3
0,2016-07-08 7:31,172.10.1.127,10.199.250.2,3244,47117,TCP,??,1574,29,0.000000777,226,1,0,Texas;Richardson Noonan Family Swim School,CountryH;CityZ,sbcglobal.net,countryh.cityz.com,,gti:High:3
0,2016-07-08 7:36,172.10.1.127,10.199.250.2,2354,47236,TCP,??,1898,35,0.000000777,227,1,0,Texas;Richardson Noonan Family Swim School,CountryH;CityZ,sbcglobal.net,countryh.cityz.com,,gti:High:3
0,2016-07-08 7:37,172.10.1.132,10.199.250.2,3852,47306,TCP,??,1628,30,0.000000777,228,1,0,Texas;Richardson Service Master Absolute Fire &,CountryH;CityZ,sbcglobal.net,countryh.cityz.com,,gti:High:3
0,2016-07-08 7:32,172.10.1.132,10.199.250.2,4990,47189,TCP,??,2654,49,0.000000777,229,1,0,Texas;Richardson Service Master Absolute Fire &,CountryH;CityZ,sbcglobal.net,countryh.cityz.com,,gti:High:3
0,2016-07-08 7:41,172.10.1.132,10.199.250.2,2712,47401,TCP,??,2006,37,0.000000777,230,1,0,Texas;Richardson Service Master Absolute Fire &,CountryH;CityZ,sbcglobal.net,countryh.cityz.com,,gti:High:3
0,2016-07-08 7:37,172.10.1.133,10.199.250.2,3939,47308,TCP,??,1574,29,0.000000777,231,1,0,Texas;Richardson Service Master Absolute Fire &,CountryH;CityZ,sbcglobal.net,countryh.cityz.com,,gti:High:3
0,2016-07-08 7:40,172.10.1.133,10.199.250.2,1856,47384,TCP,??,2330,43,0.000000777,232,1,0,Texas;Richardson Service Master Absolute Fire &,CountryH;CityZ,sbcglobal.net,countryh.cityz.com,,gti:High:3
0,2016-07-08 7:32,172.10.1.133,10.199.250.2,4946,47186,TCP,??,2060,38,0.000000777,233,1,0,Texas;Richardson Service Master Absolute Fire &,CountryH;CityZ,sbcglobal.net,countryh.cityz.com,,gti:High:3
0,2016-07-08 7:44,172.10.1.133,10.199.250.2,3417,47440,TCP,??,2342,41,0.000000777,234,1,0,Texas;Richardson Service Master Absolute Fire &,CountryH;CityZ,sbcglobal.net,countryh.cityz.com,,gti:High:3
0,2016-07-08 7:36,172.10.1.134,10.199.250.2,2388,47237,TCP,??,2546,47,0.000000777,235,1,0,Texas;Richardson Service Master Absolute Fire &,CountryH;CityZ,sbcglobal.net,countryh.cityz.com,,gti:High:3
0,2016-07-08 7:29,172.10.1.134,10.199.250.2,2840,47026,TCP,??,2924,54,0.000000777,236,1,0,Texas;Richardson Service Master Absolute Fire &,CountryH;CityZ,sbcglobal.net,countryh.cityz.com,,gti:High:3
0,2016-07-08 7:43,172.10.1.134,10.199.250.2,2668,47426,TCP,??,2078,37,0.000000777,237,1,0,Texas;Richardson Service Master Absolute Fire &,CountryH;CityZ,sbcglobal.net,countryh.cityz.com,,gti:High:3
0,2016-07-08 7:29,172.10.1.135,10.199.250.2,3451,47098,TCP,??,1574,29,0.000000777,238,1,0,Texas;Richardson Service Master Absolute Fire &,CountryH;CityZ,sbcglobal.net,countryh.cityz.com,,gti:High:3
0,2016-07-08 7:32,172.10.1.135,10.199.250.2,4585,47168,TCP,??,2762,51,0.000000777,239,1,0,Texas;Richardson Service Master Absolute Fire &,CountryH;CityZ,sbcglobal.net,countryh.cityz.com,,gti:High:3
0,2016-07-08 7:36,172.10.1.135,10.199.250.2,3070,47270,TCP,??,2438,45,0.000000777,240,1,0,Texas;Richardson Service Master Absolute Fire &,CountryH;CityZ,sbcglobal.net,countryh.cityz.com,,gti:High:3
0,2016-07-08 7:29,172.10.1.137,10.199.250.2,2849,47028,TCP,??,3572,66,0.000000777,241,1,0,Texas;Richardson Irvine Company,CountryH;CityZ,irvinecompany.com,countryh.cityz.com,,gti:High:3
0,2016-07-08 7:36,172.10.1.137,10.199.250.2,2122,47226,TCP,??,764,14,0.000000777,242,1,0,Texas;Richardson Irvine Company,CountryH;CityZ,irvinecompany.com,countryh.cityz.com,,gti:High:3
0,2016-07-08 7:29,172.10.1.140,10.199.250.2,3251,47081,TCP,??,1574,29,0.000000777,243,1,0,Texas;Richardson Irvine Company,CountryH;CityZ,irvinecompany.com,countryh.cityz.com,,gti:High:3
0,2016-07-08 7:32,172.10.1.140,10.199.250.2,4907,47181,TCP,??,2384,44,0.000000777,244,1,0,Texas;Richardson Irvine Company,CountryH;CityZ,irvinecompany.com,countryh.cityz.com,,gti:High:3
0,2016-07-08 7:36,172.10.1.140,10.199.250.2,3036,47268,TCP,??,1898,35,0.000000777,245,1,0,Texas;Richardson Irvine Company,CountryH;CityZ,irvinecompany.com,countryh.cityz.com,,gti:High:3
0,2016-07-08 7:40,172.10.1.140,10.199.250.2,1673,47374,TCP,??,1574,29,0.000000777,246,1,0,Texas;Richardson Irvine Company,CountryH;CityZ,irvinecompany.com,countryh.cityz.com,,gti:High:3
0,2016-07-08 7:32,172.10.1.142,10.199.250.2,3967,47134,TCP,??,764,14,0.000000777,247,1,0,Texas;Richardson Irvine Company,CountryH;CityZ,irvinecompany.com,countryh.cityz.com,,gti:High:3
0,2016-07-08 7:36,172.10.1.142,10.199.250.2,2786,47256,TCP,??,2168,40,0.000000777,248,1,0,Texas;Richardson Irvine Company,CountryH;CityZ,irvinecompany.com,countryh.cityz.com,,gti:High:3
0,2016-07-08 7:44,172.10.1.142,10.199.250.2,4086,47447,TCP,??,186,3,0.000000777,249,1,0,Texas;Richardson Irvine Company,CountryH;CityZ,irvinecompany.com,countryh.cityz.com,,gti:High:3
0,2016-07-08 7:29,172.10.1.142,10.199.250.2,3092,47048,TCP,??,2708,50,0.000000777,250,1,0,Texas;Richardson Irvine Company,CountryH;CityZ,irvinecompany.com,countryh.cityz.com,,gti:High:3
0,2016-07-08 7:40,172.10.1.146,10.199.250.2,4665,47336,TCP,??,1574,29,0.000000777,251,1,0,Texas;Richardson Karen Misra,CountryH;CityZ,sbcglobal.net,countryh.cityz.com,,gti:High:3
0,2016-07-08 7:36,172.10.1.146,10.199.250.2,2253,47231,TCP,??,764,14,0.000000777,252,1,0,Texas;Richardson Karen Misra,CountryH;CityZ,sbcglobal.net,countryh.cityz.com,,gti:High:3
0,2016-07-08 7:32,172.10.1.146,10.199.250.2,4614,47169,TCP,??,764,14,0.000000777,253,1,0,Texas;Richardson Karen Misra,CountryH;CityZ,sbcglobal.net,countryh.cityz.com,,gti:High:3
0,2016-07-08 7:36,172.10.1.148,10.199.250.2,2819,47258,TCP,??,2384,44,0.000000777,254,1,0,Texas;Richardson Karen Misra,CountryH;CityZ,sbcglobal.net,countryh.cityz.com,,gti:High:3
0,2016-07-08 7:32,172.10.1.148,10.199.250.2,4662,47171,TCP,??,1682,31,0.000000777,255,1,0,Texas;Richardson Karen Misra,CountryH;CityZ,sbcglobal.net,countryh.cityz.com,,gti:High:3
0,2016-07-08 7:41,172.10.1.148,10.199.250.2,2622,47400,TCP,??,3518,65,0.000000777,256,1,0,Texas;Richardson Karen Misra,CountryH;CityZ,sbcglobal.net,countryh.cityz.com,,gti:High:3
0,2016-07-08 7:29,172.10.1.148,10.199.250.2,3034,47046,TCP,??,1628,30,0.000000777,257,1,0,Texas;Richardson Karen Misra,CountryH;CityZ,sbcglobal.net,countryh.cityz.com,,gti:High:3
0,2016-07-08 7:29,172.10.1.158,10.199.250.2,3023,47045,TCP,??,764,14,0.000000777,258,1,0,Texas;Richardson Crossroads Smokehouse BBQ,CountryH;CityZ,sbcglobal.net,countryh.cityz.com,,gti:High:3
0,2016-07-08 7:36,172.10.1.158,10.199.250.2,2542,47245,TCP,??,764,14,0.000000777,259,1,0,Texas;Richardson Crossroads Smokehouse BBQ,CountryH;CityZ,sbcglobal.net,countryh.cityz.com,,gti:High:3
0,2016-07-08 7:32,172.10.1.158,10.199.250.2,3987,47136,TCP,??,2924,54,0.000000777,260,1,0,Texas;Richardson Crossroads Smokehouse BBQ,CountryH;CityZ,sbcglobal.net,countryh.cityz.com,,gti:High:3
0,2016-07-08 7:29,172.10.1.159,10.199.250.2,2797,47023,TCP,??,2816,52,0.000000777,261,1,0,Texas;Richardson Crossroads Smokehouse BBQ,CountryH;CityZ,sbcglobal.net,countryh.cityz.com,,gti:High:3
0,2016-07-08 7:32,172.10.1.159,10.199.250.2,4103,47142,TCP,??,224,4,0.000000777,262,1,0,Texas;Richardson Crossroads Smokehouse BBQ,CountryH;CityZ,sbcglobal.net,countryh.cityz.com,,gti:High:3
0,2016-07-08 7:43,172.10.1.159,10.199.250.2,2192,47421,TCP,??,1130,19,0.000000777,263,1,0,Texas;Richardson Crossroads Smokehouse BBQ,CountryH;CityZ,sbcglobal.net,countryh.cityz.com,,gti:High:3
0,2016-07-08 7:39,172.10.1.159,10.199.250.2,4176,47324,TCP,??,1574,29,0.000000777,264,1,0,Texas;Richardson Crossroads Smokehouse BBQ,CountryH;CityZ,sbcglobal.net,countryh.cityz.com,,gti:High:3
0,2016-07-08 7:35,172.10.1.159,10.199.250.2,1882,47222,TCP,??,764,14,0.000000777,265,1,0,Texas;Richardson Crossroads Smokehouse BBQ,CountryH;CityZ,sbcglobal.net,countryh.cityz.com,,gti:High:3
0,2016-07-08 7:32,172.10.1.161,10.199.250.2,4938,47184,TCP,??,764,14,0.000000777,266,1,0,Texas;Richardson 1-800-Taxicab Inc,CountryH;CityZ,sbcglobal.net,countryh.cityz.com,,gti:High:3
0,2016-07-08 7:29,172.10.1.161,10.199.250.2,3292,47085,TCP,??,1574,29,0.000000777,267,1,0,Texas;Richardson 1-800-Taxicab Inc,CountryH;CityZ,sbcglobal.net,countryh.cityz.com,,gti:High:3
0,2016-07-08 23:36,172.10.1.161,10.1.0.75,2263,80,TCP,??,400,4,0.000000777,268,1,0,Texas;Richardson 1-800-Taxicab Inc,CountryB;CityV,sbcglobal.net,countryh.cityz.com,,gti:Low:1
0,2016-07-08 7:36,172.10.1.161,10.199.250.2,2899,47261,TCP,??,764,14,0.000000777,269,1,0,Texas;Richardson 1-800-Taxicab Inc,CountryH;CityZ,sbcglobal.net,countryh.cityz.com,,gti:High:3
0,2016-07-08 7:40,172.10.1.161,10.199.250.2,1572,47370,TCP,??,764,14,0.000000777,270,1,0,Texas;Richardson 1-800-Taxicab Inc,CountryH;CityZ,sbcglobal.net,countryh.cityz.com,,gti:High:3
0,2016-07-08 7:29,172.10.1.164,10.199.250.2,3236,47079,TCP,??,1574,29,0.000000777,271,1,0,Texas;Richardson 1-800-Taxicab Inc,CountryH;CityZ,sbcglobal.net,countryh.cityz.com,,gti:High:3
0,2016-07-08 7:33,172.10.1.164,10.199.250.2,1272,47201,TCP,??,2870,53,0.000000777,272,1,0,Texas;Richardson 1-800-Taxicab Inc,CountryH;CityZ,sbcglobal.net,countryh.cityz.com,,gti:High:3
0,2016-07-08 7:37,172.10.1.164,10.199.250.2,3621,47294,TCP,??,1574,29,0.000000777,273,1,0,Texas;Richardson 1-800-Taxicab Inc,CountryH;CityZ,sbcglobal.net,countryh.cityz.com,,gti:High:3
0,2016-07-08 7:29,172.10.1.176,10.199.250.2,2695,47015,TCP,??,764,14,0.000000777,274,1,0,Texas;Richardson Wholesome Choice Pet Market,CountryH;CityZ,sbcglobal.net,countryh.cityz.com,,gti:High:3
0,2016-07-08 7:32,172.10.1.176,10.199.250.2,4009,47137,TCP,??,764,14,0.000000777,275,1,0,Texas;Richardson Wholesome Choice Pet Market,CountryH;CityZ,sbcglobal.net,countryh.cityz.com,,gti:High:3
0,2016-07-08 7:36,172.10.1.176,10.199.250.2,2199,47230,TCP,??,764,14,0.000000777,276,1,0,Texas;Richardson Wholesome Choice Pet Market,CountryH;CityZ,sbcglobal.net,countryh.cityz.com,,gti:High:3
0,2016-07-08 7:40,172.10.1.176,10.199.250.2,4606,47334,TCP,??,764,14,0.000000777,277,1,0,Texas;Richardson Wholesome Choice Pet Market,CountryH;CityZ,sbcglobal.net,countryh.cityz.com,,gti:High:3
0,2016-07-08 7:36,172.10.1.180,10.199.250.2,2676,47252,TCP,??,2168,40,0.000000777,278,1,0,Texas;Richardson Wholesome Choice Pet Market,CountryH;CityZ,sbcglobal.net,countryh.cityz.com,,gti:High:3
0,2016-07-08 7:41,172.10.1.180,10.199.250.2,2173,47391,TCP,??,2330,43,0.000000777,279,1,0,Texas;Richardson Wholesome Choice Pet Market,CountryH;CityZ,sbcglobal.net,countryh.cityz.com,,gti:High:3
0,2016-07-08 7:32,172.10.1.180,10.199.250.2,4336,47155,TCP,??,1466,27,0.000000777,280,1,0,Texas;Richardson Wholesome Choice Pet Market,CountryH;CityZ,sbcglobal.net,countryh.cityz.com,,gti:High:3
0,2016-07-08 7:03,172.20.1.221,10.0.0.10,24120,80,TCP,??,170,3,0.000000777,281,1,0,-;- Private IP Address LAN,CountryA;CityA4,-,countrya.citya4.com,,gti:Low:1
